ecoli,saureus
1.077198410034179688e+02,1.277438583374023438e+02
9.017757415771484375e+01,9.895202636718750000e+01
9.017757415771484375e+01,9.895202636718750000e+01
8.853847503662109375e+01,9.838491821289062500e+01
8.814827728271484375e+01,9.945625305175781250e+01
8.219718170166015625e+01,8.988882446289062500e+01
8.814827728271484375e+01,9.945625305175781250e+01
9.505908203125000000e+01,1.031414642333984375e+02
8.966964721679687500e+01,1.011964263916015625e+02
9.017757415771484375e+01,9.895202636718750000e+01
7.801497650146484375e+01,8.881730651855468750e+01
6.171327209472656250e+01,1.070774154663085938e+02
1.081353759765625000e+02,1.230267944335937500e+02
7.120796966552734375e+01,1.051526031494140625e+02
1.099048385620117188e+02,1.340504150390625000e+02
1.233395309448242188e+02,1.376811676025390625e+02
8.439630889892578125e+01,1.173092498779296875e+02
1.122570571899414062e+02,1.293265533447265625e+02
4.199986648559570312e+01,5.441949462890625000e+01
9.358473968505859375e+01,1.120613403320312500e+02
8.373874664306640625e+01,1.037162933349609375e+02
8.948432159423828125e+01,1.047371749877929688e+02
1.311120986938476562e+01,1.303810214996337891e+01
4.229333877563476562e+01,5.209080123901367188e+01
1.075292739868164062e+02,1.235677642822265625e+02
3.471493911743164062e+01,1.033779602050781250e+02
2.211255836486816406e+01,9.797799682617187500e+01
3.014193534851074219e+01,1.025456466674804688e+02
3.074266052246093750e+01,9.895603942871093750e+01
2.221197509765625000e+01,9.630553436279296875e+01
5.034271240234375000e+01,1.090623016357421875e+02
1.093966979980468750e+02,1.209240264892578125e+02
1.040573730468750000e+02,1.158561477661132812e+02
9.357024383544921875e+01,1.327591247558593750e+02
9.261145019531250000e+01,1.170116424560546875e+02
6.542187500000000000e+01,9.539831542968750000e+01
7.698828125000000000e+01,1.067784881591796875e+02
6.688475036621093750e+01,9.382889556884765625e+01
8.253795623779296875e+01,1.077940216064453125e+02
1.071326599121093750e+02,1.209814224243164062e+02
8.484272766113281250e+01,1.062527923583984375e+02
5.494288253784179688e+01,7.813554382324218750e+01
8.954811859130859375e+01,1.138131103515625000e+02
8.954811859130859375e+01,1.138131103515625000e+02
9.014177703857421875e+01,1.173253021240234375e+02
9.299518585205078125e+01,1.175969085693359375e+02
1.075891952514648438e+02,1.268540649414062500e+02
1.134122695922851562e+02,1.289823150634765625e+02
8.116567230224609375e+01,1.048317642211914062e+02
1.014028244018554688e+02,1.322959442138671875e+02
9.150881195068359375e+01,1.336196441650390625e+02
1.073667373657226562e+02,1.350245361328125000e+02
1.100301208496093750e+02,1.334201202392578125e+02
9.776131439208984375e+01,1.324762878417968750e+02
9.717351531982421875e+01,1.342232360839843750e+02
9.564450836181640625e+01,1.369638671875000000e+02
1.095435104370117188e+02,1.360467224121093750e+02
1.055993881225585938e+02,1.375529327392578125e+02
8.428073883056640625e+01,1.326386718750000000e+02
1.067511520385742188e+02,1.343916320800781250e+02
9.353680419921875000e+01,1.345040588378906250e+02
6.891824340820312500e+01,1.247749481201171875e+02
1.174325561523437500e+02,1.509974212646484375e+02
1.007518692016601562e+02,1.540149536132812500e+02
1.188589859008789062e+02,1.382622680664062500e+02
1.261997299194335938e+02,1.399736938476562500e+02
1.176310195922851562e+02,1.385065612792968750e+02
1.201090621948242188e+02,1.362522583007812500e+02
1.180289077758789062e+02,1.352781982421875000e+02
1.260894393920898438e+02,1.344601287841796875e+02
1.124012069702148438e+02,1.348723144531250000e+02
1.274689331054687500e+02,1.397849884033203125e+02
1.209598159790039062e+02,1.374485473632812500e+02
1.212135620117187500e+02,1.370372772216796875e+02
1.194691162109375000e+02,1.382473907470703125e+02
1.207225723266601562e+02,1.355347290039062500e+02
1.283788757324218750e+02,1.373720703125000000e+02
1.254548034667968750e+02,1.378489227294921875e+02
1.199169998168945312e+02,1.375087585449218750e+02
1.165122299194335938e+02,1.356509399414062500e+02
1.265871963500976562e+02,1.382951660156250000e+02
1.242887954711914062e+02,1.395330200195312500e+02
1.240000915527343750e+02,1.378142700195312500e+02
1.199516525268554688e+02,1.355865478515625000e+02
1.164394149780273438e+02,1.375599975585937500e+02
1.161646118164062500e+02,1.380229187011718750e+02
1.119762573242187500e+02,1.397856292724609375e+02
7.511032867431640625e+01,1.016910095214843750e+02
1.198459854125976562e+02,1.359320220947265625e+02
1.179652709960937500e+02,1.363974609375000000e+02
1.168791809082031250e+02,1.331114807128906250e+02
1.267089309692382812e+02,1.381595764160156250e+02
1.249457397460937500e+02,1.382382202148437500e+02
1.275274887084960938e+02,1.389382171630859375e+02
1.208004379272460938e+02,1.362071838378906250e+02
1.188997726440429688e+02,1.368254699707031250e+02
1.249816665649414062e+02,1.364655456542968750e+02
1.257610092163085938e+02,1.376883239746093750e+02
1.170578689575195312e+02,1.331723327636718750e+02
1.197602920532226562e+02,1.338327026367187500e+02
1.171903686523437500e+02,1.341331787109375000e+02
1.275302352905273438e+02,1.336122131347656250e+02
1.179505233764648438e+02,1.335498809814453125e+02
1.155742568969726562e+02,1.358655395507812500e+02
1.162772903442382812e+02,1.377978210449218750e+02
6.824096679687500000e+01,9.998587036132812500e+01
1.018380508422851562e+02,1.241868591308593750e+02
4.301928710937500000e+01,1.333117065429687500e+02
4.658140182495117188e+01,1.284252929687500000e+02
3.985509872436523438e+01,1.167873992919921875e+02
3.919441223144531250e+01,1.208653106689453125e+02
5.430555725097656250e+01,1.176933898925781250e+02
4.478712463378906250e+01,1.256262512207031250e+02
3.798365783691406250e+01,1.163823089599609375e+02
4.794424438476562500e+01,1.264464111328125000e+02
4.074551010131835938e+01,1.181993560791015625e+02
7.237254333496093750e+01,1.377686004638671875e+02
5.161771011352539062e+01,1.251478424072265625e+02
6.501213836669921875e+01,1.356050109863281250e+02
4.666356277465820312e+01,1.215200576782226562e+02
4.381149291992187500e+01,1.162812576293945312e+02
8.345259857177734375e+01,1.376566162109375000e+02
6.264920425415039062e+01,1.266268157958984375e+02
9.003293609619140625e+01,1.415638427734375000e+02
5.297761917114257812e+01,1.222580642700195312e+02
5.289535522460937500e+01,1.214649658203125000e+02
6.143760299682617188e+01,1.386799926757812500e+02
5.759677124023437500e+01,1.362870025634765625e+02
5.951800537109375000e+01,1.391943664550781250e+02
5.994406127929687500e+01,1.382678833007812500e+02
3.896298217773437500e+01,1.129654693603515625e+02
6.571656799316406250e+01,1.365185546875000000e+02
4.690736770629882812e+01,1.213458023071289062e+02
4.546688461303710938e+01,1.209125823974609375e+02
5.689025878906250000e+01,1.302024230957031250e+02
5.544509887695312500e+01,1.223702163696289062e+02
7.229709625244140625e+01,1.391180114746093750e+02
6.795938110351562500e+01,1.359075012207031250e+02
6.825502777099609375e+01,1.369374389648437500e+02
6.636124420166015625e+01,1.423401336669921875e+02
6.970250701904296875e+01,1.388580017089843750e+02
6.593397521972656250e+01,1.364105834960937500e+02
4.477233505249023438e+01,1.273127593994140625e+02
7.630597686767578125e+01,1.390081634521484375e+02
5.453553390502929688e+01,1.249467163085937500e+02
5.627233886718750000e+01,1.220235443115234375e+02
6.494646453857421875e+01,1.253576278686523438e+02
2.837650299072265625e+01,8.073828125000000000e+01
4.377525711059570312e+01,8.789641571044921875e+01
4.056847763061523438e+01,9.246193695068359375e+01
3.731380462646484375e+01,7.928199768066406250e+01
3.156766700744628906e+01,7.669269561767578125e+01
3.421366500854492188e+01,7.470383453369140625e+01
4.244081878662109375e+01,8.932607269287109375e+01
3.141226196289062500e+01,7.524928283691406250e+01
3.991043472290039062e+01,8.132748413085937500e+01
2.493714904785156250e+01,7.074665832519531250e+01
3.104343223571777344e+01,7.507747650146484375e+01
3.802060317993164062e+01,7.860829162597656250e+01
3.839712905883789062e+01,8.038127899169921875e+01
3.196646118164062500e+01,7.037875366210937500e+01
4.060405731201171875e+01,7.761579895019531250e+01
3.762286758422851562e+01,7.843750000000000000e+01
4.510072326660156250e+01,8.378175354003906250e+01
3.127306175231933594e+01,6.823013305664062500e+01
2.874290657043457031e+01,7.134878540039062500e+01
4.624240112304687500e+01,8.690934753417968750e+01
3.089740180969238281e+01,7.590154266357421875e+01
3.063826560974121094e+01,7.471899414062500000e+01
3.918399047851562500e+01,8.090718078613281250e+01
3.975260925292968750e+01,7.731604766845703125e+01
3.067314720153808594e+01,6.804414367675781250e+01
3.734289550781250000e+01,7.661056518554687500e+01
8.634924316406250000e+01,1.127109985351562500e+02
9.579952239990234375e+01,1.185568161010742188e+02
1.093561019897460938e+02,1.279454803466796875e+02
1.033557052612304688e+02,1.228674468994140625e+02
6.453427886962890625e+01,1.015974426269531250e+02
8.318887329101562500e+01,1.038563995361328125e+02
8.679962921142578125e+01,1.076465301513671875e+02
8.651970672607421875e+01,1.107610092163085938e+02
9.054629516601562500e+01,1.142376251220703125e+02
8.677816009521484375e+01,1.059405136108398438e+02
8.684249114990234375e+01,1.267249755859375000e+02
1.273902511596679688e+02,1.347714233398437500e+02
9.254871368408203125e+01,1.277197647094726562e+02
7.640355682373046875e+01,1.313621520996093750e+02
1.199692687988281250e+02,1.192667541503906250e+02
9.132003784179687500e+01,1.008387298583984375e+02
7.774118804931640625e+01,8.953010559082031250e+01
9.898030853271484375e+01,1.064192810058593750e+02
9.735466766357421875e+01,1.167889938354492188e+02
9.402725982666015625e+01,1.201253967285156250e+02
9.349426269531250000e+01,1.191049957275390625e+02
1.001105422973632812e+02,1.223008575439453125e+02
1.110170669555664062e+02,1.236521606445312500e+02
1.117761001586914062e+02,1.301348571777343750e+02
1.194904098510742188e+02,1.289093933105468750e+02
1.184168701171875000e+02,1.281071472167968750e+02
9.775115203857421875e+01,1.213778305053710938e+02
7.516151428222656250e+01,1.110839767456054688e+02
7.205689239501953125e+01,1.078444519042968750e+02
1.057179870605468750e+02,1.232653503417968750e+02
9.388634490966796875e+01,1.238300933837890625e+02
2.601683235168457031e+01,1.611127853393554688e+01
1.115229110717773438e+02,1.299143066406250000e+02
6.332031631469726562e+01,1.169849548339843750e+02
1.030401000976562500e+02,1.245938034057617188e+02
8.638736724853515625e+01,1.221989135742187500e+02
1.039374618530273438e+02,1.277707061767578125e+02
8.471679687500000000e+01,1.198847503662109375e+02
9.822167205810546875e+01,1.231566772460937500e+02
7.636164855957031250e+01,1.173819580078125000e+02
9.806600952148437500e+01,1.214885864257812500e+02
1.120640792846679688e+02,1.286135406494140625e+02
1.129274673461914062e+02,1.309673461914062500e+02
1.098038330078125000e+02,1.266964416503906250e+02
1.088121948242187500e+02,1.281258087158203125e+02
9.442684173583984375e+01,1.253274154663085938e+02
9.923785400390625000e+01,1.269513854980468750e+02
1.087585372924804688e+02,1.319386444091796875e+02
9.829312896728515625e+01,1.273383483886718750e+02
1.095993041992187500e+02,1.306790771484375000e+02
1.073211593627929688e+02,1.269575500488281250e+02
9.199163818359375000e+01,1.222428894042968750e+02
1.074893493652343750e+02,1.293554992675781250e+02
1.043728637695312500e+02,1.267463912963867188e+02
8.664086914062500000e+01,1.223333435058593750e+02
1.040801696777343750e+02,1.263764343261718750e+02
7.578720855712890625e+01,1.157390136718750000e+02
8.361340332031250000e+01,1.181317291259765625e+02
1.066406860351562500e+02,1.269777984619140625e+02
9.296933746337890625e+01,1.241228027343750000e+02
1.048530883789062500e+02,1.272974166870117188e+02
1.053579101562500000e+02,1.259383087158203125e+02
1.010102005004882812e+02,1.251420898437500000e+02
9.209545898437500000e+01,1.268315734863281250e+02
1.146303100585937500e+02,1.305240783691406250e+02
1.026234970092773438e+02,1.287146606445312500e+02
1.156647109985351562e+02,1.323537902832031250e+02
1.122770385742187500e+02,1.305261077880859375e+02
9.856662750244140625e+01,1.286006164550781250e+02
1.100543212890625000e+02,1.309768218994140625e+02
1.134156265258789062e+02,1.326319732666015625e+02
9.656815338134765625e+01,1.258317565917968750e+02
1.072656555175781250e+02,1.301759033203125000e+02
1.041407775878906250e+02,1.301006011962890625e+02
9.927344512939453125e+01,1.294214782714843750e+02
1.133442459106445312e+02,1.337654113769531250e+02
1.085044326782226562e+02,1.291686401367187500e+02
1.085252304077148438e+02,1.296484680175781250e+02
9.073080444335937500e+01,1.259059906005859375e+02
1.123862609863281250e+02,1.324685058593750000e+02
9.051883697509765625e+01,1.243337249755859375e+02
1.131745605468750000e+02,1.307337951660156250e+02
9.711435699462890625e+01,1.270402984619140625e+02
8.535675048828125000e+01,1.196927947998046875e+02
1.082713699340820312e+02,1.279445800781250000e+02
9.379947662353515625e+01,1.251229171752929688e+02
1.090370101928710938e+02,1.299453887939453125e+02
8.868755340576171875e+01,1.227794189453125000e+02
1.049594039916992188e+02,1.275974349975585938e+02
1.036198806762695312e+02,1.266804199218750000e+02
8.848488616943359375e+01,1.237069625854492188e+02
9.552197265625000000e+01,1.267750701904296875e+02
1.022930908203125000e+02,1.279109878540039062e+02
1.052707748413085938e+02,1.313145599365234375e+02
1.055771713256835938e+02,1.299468994140625000e+02
1.052031021118164062e+02,1.300574951171875000e+02
8.798690032958984375e+01,1.214202575683593750e+02
1.038406143188476562e+02,1.267312469482421875e+02
8.679602050781250000e+01,1.216384277343750000e+02
1.082153549194335938e+02,1.295167236328125000e+02
9.346022796630859375e+01,1.260547409057617188e+02
7.011692047119140625e+01,9.781620788574218750e+01
1.181484985351562500e+02,1.294607238769531250e+02
1.053795166015625000e+02,1.174633331298828125e+02
1.084404296875000000e+02,1.215354766845703125e+02
1.271469726562500000e+02,1.315263977050781250e+02
1.256846008300781250e+02,1.291210632324218750e+02
1.271222152709960938e+02,1.304001770019531250e+02
1.123539657592773438e+02,1.223723068237304688e+02
1.103060531616210938e+02,1.207619781494140625e+02
1.056925277709960938e+02,1.208619995117187500e+02
1.116072387695312500e+02,1.254783172607421875e+02
1.152963562011718750e+02,1.261144714355468750e+02
1.090241317749023438e+02,1.204710693359375000e+02
1.280118865966796875e+02,1.291471862792968750e+02
1.192502441406250000e+02,1.250641784667968750e+02
1.273883056640625000e+02,1.304276123046875000e+02
1.257335815429687500e+02,1.284825439453125000e+02
1.107705764770507812e+02,1.243609771728515625e+02
1.132493057250976562e+02,1.251894378662109375e+02
1.252523880004882812e+02,1.305656585693359375e+02
1.264877929687500000e+02,1.309282379150390625e+02
1.256557006835937500e+02,1.297131347656250000e+02
1.265778121948242188e+02,1.298824768066406250e+02
1.354183044433593750e+02,1.364402160644531250e+02
1.289706573486328125e+02,1.330028686523437500e+02
1.283192291259765625e+02,1.304161071777343750e+02
1.287576751708984375e+02,1.318367614746093750e+02
1.880821418762207031e+01,5.596467971801757812e+01
9.662313079833984375e+01,1.204547882080078125e+02
5.886305618286132812e+01,9.947753906250000000e+01
9.421295166015625000e+01,1.154319763183593750e+02
1.003418579101562500e+02,1.092038269042968750e+02
5.741864013671875000e+01,6.733015441894531250e+01
7.191378021240234375e+01,8.682565307617187500e+01
1.857300758361816406e+01,6.070919513702392578e+00
2.177424621582031250e+01,2.736333084106445312e+01
1.171605453491210938e+02,1.110536346435546875e+02
3.636272048950195312e+01,7.084592819213867188e+00
1.136990356445312500e+02,9.165840148925781250e+01
3.853744125366210938e+01,8.250461578369140625e+00
1.198743896484375000e+02,1.030142517089843750e+02
4.446640014648437500e+01,1.379168128967285156e+01
4.978564071655273438e+01,8.229572296142578125e+01
4.017745971679687500e+01,2.028476715087890625e+01
1.330787353515625000e+02,1.184480209350585938e+02
1.011598587036132812e+02,9.263092803955078125e+01
1.000209960937500000e+02,9.147753906250000000e+01
9.812561798095703125e+01,9.050233459472656250e+01
1.090850448608398438e+02,1.004255676269531250e+02
1.060853500366210938e+02,9.893778991699218750e+01
1.099966125488281250e+02,1.142217407226562500e+02
1.117410354614257812e+02,1.146126403808593750e+02
1.120692367553710938e+02,1.138481674194335938e+02
1.079123535156250000e+02,1.132710876464843750e+02
1.150439682006835938e+02,1.209127273559570312e+02
1.156511840820312500e+02,1.202613220214843750e+02
1.163975830078125000e+02,1.194596099853515625e+02
1.127663192749023438e+02,1.181244201660156250e+02
1.200402603149414062e+02,1.282479248046875000e+02
1.183279800415039062e+02,1.121841125488281250e+02
1.099342269897460938e+02,1.125502777099609375e+02
2.692491722106933594e+01,4.157192230224609375e+01
3.936213684082031250e+01,5.772244644165039062e+01
1.083009719848632812e+02,8.985075378417968750e+01
1.048274307250976562e+02,1.002965087890625000e+02
1.263506088256835938e+02,1.079411468505859375e+02
1.314777069091796875e+02,1.219361267089843750e+02
9.585051727294921875e+01,6.558599090576171875e+01
1.360801391601562500e+02,1.155115814208984375e+02
9.161502075195312500e+01,1.204918823242187500e+02
1.000178146362304688e+02,1.214482269287109375e+02
7.174710083007812500e+01,1.105998535156250000e+02
9.175637054443359375e+01,1.113561859130859375e+02
8.767929840087890625e+01,1.192819671630859375e+02
8.550801849365234375e+01,1.114919128417968750e+02
8.991030883789062500e+01,1.143902282714843750e+02
1.009750595092773438e+02,1.092903137207031250e+02
1.136552200317382812e+02,1.317913665771484375e+02
1.057848510742187500e+02,1.256232452392578125e+02
1.083645401000976562e+02,1.280775604248046875e+02
9.520680999755859375e+01,1.051519317626953125e+02
1.192570114135742188e+02,1.290979309082031250e+02
1.140817184448242188e+02,1.224310150146484375e+02
1.190065002441406250e+02,1.282402038574218750e+02
9.686998748779296875e+01,1.000367126464843750e+02
1.012309951782226562e+02,1.054884490966796875e+02
8.095630645751953125e+01,9.270645141601562500e+01
9.024188995361328125e+01,1.344178771972656250e+02
1.199874649047851562e+02,1.276021652221679688e+02
1.133590927124023438e+02,1.355278778076171875e+02
1.008620529174804688e+02,1.329198913574218750e+02
1.020838928222656250e+02,1.263759384155273438e+02
1.085463867187500000e+02,1.276539916992187500e+02
1.153732528686523438e+02,1.230603713989257812e+02
1.135790634155273438e+02,1.347526855468750000e+02
7.228678131103515625e+01,1.092889938354492188e+02
9.378818511962890625e+01,1.206372528076171875e+02
8.883498382568359375e+01,1.205854949951171875e+02
6.043377685546875000e+01,9.526992797851562500e+01
1.131052627563476562e+02,1.433943328857421875e+02
9.991140747070312500e+01,1.341103363037109375e+02
9.737518310546875000e+01,1.208817672729492188e+02
1.150394668579101562e+02,1.215671768188476562e+02
8.633437347412109375e+01,1.201958007812500000e+02
9.595080566406250000e+01,1.157841262817382812e+02
1.035297851562500000e+02,1.118239288330078125e+02
5.878985214233398438e+01,9.985211181640625000e+01
1.097075576782226562e+02,1.200240783691406250e+02
9.072431182861328125e+01,1.203385086059570312e+02
1.157126693725585938e+02,1.134452819824218750e+02
1.064010238647460938e+02,1.217844848632812500e+02
7.474198150634765625e+01,1.111147308349609375e+02
7.858577728271484375e+01,1.167808380126953125e+02
9.917333984375000000e+01,1.241848907470703125e+02
6.799542236328125000e+01,1.117788696289062500e+02
8.588308715820312500e+01,1.130970611572265625e+02
1.119048690795898438e+02,1.214426574707031250e+02
5.386745834350585938e+01,6.141483306884765625e+01
7.146588897705078125e+01,1.118756942749023438e+02
5.220147323608398438e+01,9.296424865722656250e+01
8.641418457031250000e+01,1.073990249633789062e+02
5.439030075073242188e+01,7.555393981933593750e+01
5.529725646972656250e+01,7.638372802734375000e+01
9.965939331054687500e+01,1.235185852050781250e+02
9.210293579101562500e+01,1.192340850830078125e+02
1.175974121093750000e+02,1.335381774902343750e+02
1.180100021362304688e+02,1.344636688232421875e+02
1.220272827148437500e+02,1.357227783203125000e+02
6.654808807373046875e+01,9.882730865478515625e+01
8.462511444091796875e+01,1.066015167236328125e+02
1.026620254516601562e+02,1.212305908203125000e+02
1.154356918334960938e+02,1.314702453613281250e+02
9.872341918945312500e+01,1.173580474853515625e+02
1.195959701538085938e+02,1.339534301757812500e+02
1.069351730346679688e+02,1.202866363525390625e+02
1.196965713500976562e+02,1.346766662597656250e+02
1.042122726440429688e+02,1.229908370971679688e+02
1.137831420898437500e+02,1.295158538818359375e+02
7.555030059814453125e+01,1.000825958251953125e+02
7.892364501953125000e+01,1.048510665893554688e+02
8.205548095703125000e+01,1.034438781738281250e+02
8.926210784912109375e+01,1.096803588867187500e+02
8.713870239257812500e+01,1.097544708251953125e+02
6.114863967895507812e+01,8.526721191406250000e+01
5.841938781738281250e+01,8.428396606445312500e+01
8.804525756835937500e+01,1.071946716308593750e+02
1.104209976196289062e+02,1.276583862304687500e+02
9.186907196044921875e+01,1.119586410522460938e+02
7.174572753906250000e+01,9.344958496093750000e+01
8.371697235107421875e+01,1.089404144287109375e+02
8.998480224609375000e+01,1.152429428100585938e+02
8.500964355468750000e+01,1.145293426513671875e+02
1.265500259399414062e+02,1.371445312500000000e+02
1.087963333129882812e+02,1.269506607055664062e+02
8.491053009033203125e+01,1.124372558593750000e+02
5.659487915039062500e+01,8.546318817138671875e+01
6.420011901855468750e+01,9.218479919433593750e+01
6.351173400878906250e+01,9.206849670410156250e+01
6.950220489501953125e+01,9.622601318359375000e+01
1.144636001586914062e+02,1.305917816162109375e+02
1.087218551635742188e+02,1.261901550292968750e+02
8.255167388916015625e+01,1.072905426025390625e+02
1.007697372436523438e+02,1.199390716552734375e+02
7.861071777343750000e+01,1.050815658569335938e+02
8.073915863037109375e+01,1.034542007446289062e+02
8.826708984375000000e+01,1.098613739013671875e+02
8.882363128662109375e+01,1.104371337890625000e+02
8.658356475830078125e+01,1.099331588745117188e+02
1.119651794433593750e+02,1.236377639770507812e+02
8.133329010009765625e+01,1.046208877563476562e+02
5.138257980346679688e+01,7.816571044921875000e+01
6.225806808471679688e+01,8.806036376953125000e+01
5.970707321166992188e+01,8.721075439453125000e+01
1.108394165039062500e+02,1.289172821044921875e+02
7.222184753417968750e+01,9.516455078125000000e+01
7.825048828125000000e+01,1.072024841308593750e+02
7.837264251708984375e+01,1.104495086669921875e+02
8.337540435791015625e+01,1.091549148559570312e+02
8.916367340087890625e+01,1.142429962158203125e+02
8.487181854248046875e+01,1.143246612548828125e+02
4.989719772338867188e+01,8.156361389160156250e+01
5.785141372680664062e+01,8.741926574707031250e+01
6.552150726318359375e+01,9.486021423339843750e+01
6.205293655395507812e+01,9.384416198730468750e+01
1.149893569946289062e+02,1.318994903564453125e+02
9.818686676025390625e+01,1.184783020019531250e+02
1.090464782714843750e+02,1.277857055664062500e+02
7.855469512939453125e+01,1.083328094482421875e+02
5.453833007812500000e+01,8.358049011230468750e+01
3.350608444213867188e+01,6.359959411621093750e+01
3.674990463256835938e+01,6.941674804687500000e+01
3.827058792114257812e+01,6.969963836669921875e+01
3.806120300292968750e+01,6.752830505371093750e+01
3.845309066772460938e+01,7.144601440429687500e+01
4.000403976440429688e+01,7.157147216796875000e+01
3.671634292602539062e+01,6.826467895507812500e+01
3.804458999633789062e+01,7.094638061523437500e+01
3.708066940307617188e+01,6.635437774658203125e+01
3.907522201538085938e+01,6.641896057128906250e+01
3.226339721679687500e+01,6.191976165771484375e+01
8.107328796386718750e+01,8.777331542968750000e+01
6.808383941650390625e+01,7.968835449218750000e+01
8.231118774414062500e+01,9.023502349853515625e+01
6.700717163085937500e+01,7.585935974121093750e+01
8.083644866943359375e+01,8.463339233398437500e+01
5.648949813842773438e+01,6.924416351318359375e+01
8.003682708740234375e+01,9.216203308105468750e+01
9.767459106445312500e+01,1.013625793457031250e+02
5.563318252563476562e+01,6.412123870849609375e+01
6.738816070556640625e+01,7.116165161132812500e+01
8.509571838378906250e+01,8.737843322753906250e+01
9.978859710693359375e+01,1.013453140258789062e+02
6.953351593017578125e+01,7.120938873291015625e+01
1.059251708984375000e+02,1.068482055664062500e+02
5.966033935546875000e+01,6.537405395507812500e+01
7.500506591796875000e+01,7.437866210937500000e+01
1.022073364257812500e+02,1.292504882812500000e+02
9.525989532470703125e+01,1.351845703125000000e+02
6.241711044311523438e+01,1.148911285400390625e+02
4.118722915649414062e+01,1.073032531738281250e+02
5.017201614379882812e+01,1.196744232177734375e+02
5.832648849487304688e+01,1.149623565673828125e+02
4.244448471069335938e+01,1.109743347167968750e+02
1.291616210937500000e+02,1.331168518066406250e+02
1.276029434204101562e+02,1.328579864501953125e+02
1.291771240234375000e+02,1.339400482177734375e+02
1.093070449829101562e+02,1.373762664794921875e+02
1.234327392578125000e+02,1.422232666015625000e+02
1.200689086914062500e+02,1.418871765136718750e+02
1.158140869140625000e+02,1.385606842041015625e+02
1.011353454589843750e+02,1.326300048828125000e+02
1.146444473266601562e+02,1.377537231445312500e+02
1.074952163696289062e+02,1.335811309814453125e+02
1.021992263793945312e+02,1.146707077026367188e+02
1.073580093383789062e+02,1.475641479492187500e+02
5.599351882934570312e+01,1.020316314697265625e+02
5.913199996948242188e+01,1.153936996459960938e+02
7.665195465087890625e+01,1.244777679443359375e+02
8.694570922851562500e+01,1.399306945800781250e+02
8.020561981201171875e+01,1.311006164550781250e+02
4.475958251953125000e+01,8.528826904296875000e+01
1.055055313110351562e+02,1.422789306640625000e+02
7.221778106689453125e+01,1.078724670410156250e+02
1.145676803588867188e+02,1.367667999267578125e+02
1.168708114624023438e+02,1.331617126464843750e+02
8.508733367919921875e+01,1.083827667236328125e+02
8.965808868408203125e+01,1.070060729980468750e+02
1.102940902709960938e+02,1.234488830566406250e+02
7.345005035400390625e+01,1.049553222656250000e+02
9.505319976806640625e+01,1.194385070800781250e+02
9.889949798583984375e+01,1.195085601806640625e+02
1.215272445678710938e+02,1.321816101074218750e+02
1.159378128051757812e+02,1.275092163085937500e+02
1.094351577758789062e+02,1.229124069213867188e+02
1.256958007812500000e+02,1.342922668457031250e+02
1.059927749633789062e+02,1.235367431640625000e+02
1.094987792968750000e+02,1.293061828613281250e+02
9.582619476318359375e+01,1.447591400146484375e+02
1.165371017456054688e+02,1.295324249267578125e+02
1.169797439575195312e+02,1.310014648437500000e+02
1.189877700805664062e+02,1.357827148437500000e+02
1.063592605590820312e+02,1.308231201171875000e+02
3.069645881652832031e+01,9.434530639648437500e+01
3.208890914916992188e+01,1.055618286132812500e+02
3.532062149047851562e+01,9.845516967773437500e+01
2.725840950012207031e+01,8.900235748291015625e+01
2.776420783996582031e+01,9.743502807617187500e+01
3.276550292968750000e+01,9.321293640136718750e+01
8.728540039062500000e+01,1.005311737060546875e+02
1.247949752807617188e+02,1.318419799804687500e+02
1.189166488647460938e+02,1.303383178710937500e+02
1.226492080688476562e+02,1.326959228515625000e+02
6.710063934326171875e+01,7.138318634033203125e+01
4.521838378906250000e+01,8.844721221923828125e+01
4.389439773559570312e+01,8.474784088134765625e+01
3.994590377807617188e+01,7.910301208496093750e+01
4.649214172363281250e+01,8.662905120849609375e+01
5.020924377441406250e+01,8.718035125732421875e+01
4.640684127807617188e+01,8.447749328613281250e+01
1.199125595092773438e+02,1.295830688476562500e+02
1.082351684570312500e+02,1.277138137817382812e+02
1.179954605102539062e+02,1.391390380859375000e+02
8.029976654052734375e+01,1.188451538085937500e+02
8.643096923828125000e+01,1.211702728271484375e+02
7.420555877685546875e+01,1.089300994873046875e+02
1.109292678833007812e+02,1.303558959960937500e+02
1.049814224243164062e+02,1.297768707275390625e+02
1.051980667114257812e+02,1.303646850585937500e+02
5.693674087524414062e+01,9.734117126464843750e+01
9.872258758544921875e+01,1.266214828491210938e+02
9.316590118408203125e+01,1.275307388305664062e+02
5.983775711059570312e+01,1.005435333251953125e+02
9.441333007812500000e+01,1.268279037475585938e+02
1.005425643920898438e+02,1.321016235351562500e+02
5.052995300292968750e+01,7.391851043701171875e+01
3.801961135864257812e+01,8.667514038085937500e+01
1.198219604492187500e+02,1.304656066894531250e+02
1.275465011596679688e+01,2.988951301574707031e+01
1.122755336761474609e+01,4.551336669921875000e+01
4.241457366943359375e+01,9.243238830566406250e+01
6.113110733032226562e+01,1.054583969116210938e+02
9.074980926513671875e+01,1.279585418701171875e+02
6.821985626220703125e+01,1.240535583496093750e+02
1.080131835937500000e+02,1.329128723144531250e+02
1.120933227539062500e+02,1.312433166503906250e+02
9.574344635009765625e+01,1.268182678222656250e+02
7.948854827880859375e+01,1.216309280395507812e+02
1.107533950805664062e+02,1.316619567871093750e+02
9.280868530273437500e+01,1.282919158935546875e+02
1.025470962524414062e+02,1.227240753173828125e+02
8.274392700195312500e+01,1.189333801269531250e+02
3.830181503295898438e+01,1.007238082885742188e+02
5.175956344604492188e+01,1.251842346191406250e+02
1.072879638671875000e+02,1.339640960693359375e+02
7.015669250488281250e+01,1.157952651977539062e+02
6.219174575805664062e+01,9.986232757568359375e+01
6.409686279296875000e+01,9.810269927978515625e+01
6.747550201416015625e+01,1.023100738525390625e+02
7.293854522705078125e+01,1.030051879882812500e+02
1.100665359497070312e+02,1.275468444824218750e+02
9.427435302734375000e+01,1.039735260009765625e+02
2.834390830993652344e+01,8.032192993164062500e+01
1.093045520782470703e+01,5.257682037353515625e+01
2.051723480224609375e+01,5.787108993530273438e+01
1.719563102722167969e+01,5.894482421875000000e+01
2.094032859802246094e+01,6.375102233886718750e+01
1.716674232482910156e+01,5.764689636230468750e+01
1.399098968505859375e+01,5.835293197631835938e+01
1.580753803253173828e+01,6.045289611816406250e+01
1.547509288787841797e+01,5.250012969970703125e+01
1.544114017486572266e+01,5.208811950683593750e+01
1.968396186828613281e+01,5.570750427246093750e+01
1.227867050170898438e+02,1.279166564941406250e+02
1.039511108398437500e+02,1.222549514770507812e+02
1.240240859985351562e+02,1.297266387939453125e+02
1.179193344116210938e+02,1.249721832275390625e+02
1.203853988647460938e+02,1.268190155029296875e+02
1.299791870117187500e+02,1.335882568359375000e+02
1.225523681640625000e+02,1.287657470703125000e+02
1.189183349609375000e+02,1.286231842041015625e+02
1.180580825805664062e+02,1.255864410400390625e+02
1.125816345214843750e+02,1.245102615356445312e+02
1.214527893066406250e+02,1.284545593261718750e+02
1.273187561035156250e+02,1.327342987060546875e+02
1.254761734008789062e+02,1.314411010742187500e+02
9.697287750244140625e+01,1.130500717163085938e+02
7.513811492919921875e+01,1.013197326660156250e+02
9.791744232177734375e+01,1.142899780273437500e+02
3.415769577026367188e+01,7.303220367431640625e+01
9.203793334960937500e+01,1.111170196533203125e+02
6.292915725708007812e+01,9.844387054443359375e+01
6.978163909912109375e+01,1.027378234863281250e+02
9.057379150390625000e+01,1.091720886230468750e+02
1.140229492187500000e+02,1.350652008056640625e+02
9.035700225830078125e+01,1.242325744628906250e+02
9.042385101318359375e+01,1.240097961425781250e+02
1.095561141967773438e+02,1.346405029296875000e+02
1.019739151000976562e+02,1.291373901367187500e+02
1.220373306274414062e+02,1.391328277587890625e+02
1.150300521850585938e+02,1.354783325195312500e+02
8.120275878906250000e+01,1.192976379394531250e+02
1.042692031860351562e+02,1.283225097656250000e+02
7.739652252197265625e+01,9.430216979980468750e+01
8.496454620361328125e+01,1.045523223876953125e+02
6.609140777587890625e+01,9.016241455078125000e+01
7.053945159912109375e+01,8.799708557128906250e+01
7.888696289062500000e+01,9.640921020507812500e+01
7.450076293945312500e+01,9.264002990722656250e+01
7.129095458984375000e+01,8.472489929199218750e+01
6.326731491088867188e+01,8.098057556152343750e+01
7.771356201171875000e+01,9.131707763671875000e+01
7.052101135253906250e+01,8.724000549316406250e+01
7.834298706054687500e+01,9.332911682128906250e+01
6.968032073974609375e+01,8.632699584960937500e+01
6.949765777587890625e+01,8.399205017089843750e+01
7.543157196044921875e+01,8.948565673828125000e+01
6.896595001220703125e+01,8.665730285644531250e+01
7.648833465576171875e+01,9.202871704101562500e+01
7.316208648681640625e+01,8.942802429199218750e+01
7.061339569091796875e+01,8.911597442626953125e+01
7.786086273193359375e+01,9.456147766113281250e+01
6.650015258789062500e+01,9.198603820800781250e+01
7.480614471435546875e+01,8.933172607421875000e+01
8.169947052001953125e+01,9.446315002441406250e+01
6.733242797851562500e+01,8.670808410644531250e+01
6.638547515869140625e+01,8.542892456054687500e+01
6.565499114990234375e+01,8.533538818359375000e+01
6.500135040283203125e+01,8.501246643066406250e+01
7.253240203857421875e+01,9.133740234375000000e+01
6.732302093505859375e+01,8.726815795898437500e+01
7.427767181396484375e+01,9.381088256835937500e+01
1.019048690795898438e+02,1.100030822753906250e+02
7.616121673583984375e+01,9.221481323242187500e+01
8.348913574218750000e+01,9.956550598144531250e+01
7.868894195556640625e+01,9.265649414062500000e+01
7.160623931884765625e+01,8.750070190429687500e+01
8.065439605712890625e+01,9.497515869140625000e+01
6.950519561767578125e+01,8.410485076904296875e+01
7.034219360351562500e+01,8.720083618164062500e+01
7.219622039794921875e+01,8.974723815917968750e+01
7.495874786376953125e+01,8.685144042968750000e+01
7.623009490966796875e+01,8.984312438964843750e+01
8.458460235595703125e+01,9.658099365234375000e+01
4.302503585815429688e+01,6.113385772705078125e+01
4.924735641479492188e+01,7.538541412353515625e+01
5.620385360717773438e+01,7.343566894531250000e+01
4.972016906738281250e+01,7.039518737792968750e+01
4.820067977905273438e+01,6.927188110351562500e+01
5.390402221679687500e+01,7.565800476074218750e+01
4.715228271484375000e+01,6.862141418457031250e+01
4.816537094116210938e+01,7.131581115722656250e+01
4.793957901000976562e+01,7.087145233154296875e+01
5.369343948364257812e+01,7.739105224609375000e+01
5.310190963745117188e+01,7.190669250488281250e+01
5.818254089355468750e+01,7.731314086914062500e+01
4.618201065063476562e+01,6.817956542968750000e+01
5.090869140625000000e+01,7.399639129638671875e+01
4.703640365600585938e+01,6.984833526611328125e+01
5.241440200805664062e+01,7.667755126953125000e+01
5.263167190551757812e+01,7.662765502929687500e+01
7.112331390380859375e+01,9.078518676757812500e+01
4.353721618652343750e+01,7.675981140136718750e+01
5.093566513061523438e+01,6.932253265380859375e+01
4.756941223144531250e+01,6.777954864501953125e+01
5.507445144653320312e+01,7.446456909179687500e+01
4.827332687377929688e+01,6.977796173095703125e+01
6.450152587890625000e+01,7.834877014160156250e+01
7.339293670654296875e+01,9.490380859375000000e+01
8.862047576904296875e+01,1.085976715087890625e+02
5.714670944213867188e+01,8.027243041992187500e+01
6.793123626708984375e+01,8.660449218750000000e+01
7.619685363769531250e+01,1.012608947753906250e+02
7.396422576904296875e+01,9.626289367675781250e+01
7.586425781250000000e+01,9.877404785156250000e+01
7.972270202636718750e+01,1.019951782226562500e+02
7.428665161132812500e+01,9.808075714111328125e+01
7.815065765380859375e+01,1.007047119140625000e+02
7.384511566162109375e+01,9.744071960449218750e+01
8.258242797851562500e+01,1.028586883544921875e+02
7.606935882568359375e+01,1.034649887084960938e+02
7.609986114501953125e+01,1.034888534545898438e+02
9.771158599853515625e+01,1.107735290527343750e+02
8.413424682617187500e+01,1.061825714111328125e+02
8.186965942382812500e+01,1.022009887695312500e+02
5.425271606445312500e+01,8.319463348388671875e+01
5.278883743286132812e+01,8.198083496093750000e+01
5.361841201782226562e+01,8.195416259765625000e+01
5.310118484497070312e+01,8.374063873291015625e+01
5.378435897827148438e+01,8.407124328613281250e+01
5.545259475708007812e+01,8.800041198730468750e+01
5.285260009765625000e+01,8.542521667480468750e+01
5.238603591918945312e+01,8.267709350585937500e+01
5.419934082031250000e+01,8.770828247070312500e+01
7.342322540283203125e+01,9.756819152832031250e+01
6.031092453002929688e+01,8.620954895019531250e+01
5.857809448242187500e+01,8.746774291992187500e+01
6.279760742187500000e+01,8.787482452392578125e+01
5.447317123413085938e+01,8.528540039062500000e+01
6.278150558471679688e+01,9.936457824707031250e+01
6.196049118041992188e+01,9.264518737792968750e+01
6.364030838012695312e+01,9.731356811523437500e+01
5.165554809570312500e+01,7.533702087402343750e+01
5.638475418090820312e+01,7.698876953125000000e+01
5.920512771606445312e+01,7.743539428710937500e+01
5.022311401367187500e+01,7.211790466308593750e+01
5.391505050659179688e+01,7.631450653076171875e+01
5.501243209838867188e+01,7.813984680175781250e+01
9.080300140380859375e+01,9.671725463867187500e+01
8.442888641357421875e+01,9.225105285644531250e+01
9.353500366210937500e+01,9.847937011718750000e+01
8.140040588378906250e+01,9.037704467773437500e+01
8.192108917236328125e+01,9.084445190429687500e+01
9.739380645751953125e+01,1.007083435058593750e+02
9.013474273681640625e+01,9.893874359130859375e+01
6.213930130004882812e+01,7.617026519775390625e+01
7.149917602539062500e+01,8.574343109130859375e+01
8.252392578125000000e+01,9.194271087646484375e+01
8.651998138427734375e+01,9.425571441650390625e+01
8.737599945068359375e+01,9.611843872070312500e+01
7.186090850830078125e+01,8.030928039550781250e+01
9.146054840087890625e+01,9.921228027343750000e+01
1.053023910522460938e+02,1.086503295898437500e+02
8.369820404052734375e+01,9.568233489990234375e+01
7.944792938232421875e+01,8.912236785888671875e+01
5.930880737304687500e+01,7.273475646972656250e+01
8.721740722656250000e+01,9.554758453369140625e+01
1.038698654174804688e+02,1.081314086914062500e+02
1.033485488891601562e+02,1.064730606079101562e+02
8.048453521728515625e+01,9.260412597656250000e+01
8.584233856201171875e+01,9.492216491699218750e+01
9.442663574218750000e+01,9.991606903076171875e+01
9.824353027343750000e+01,1.011189270019531250e+02
1.003569946289062500e+02,1.040444030761718750e+02
9.369366455078125000e+01,1.027316284179687500e+02
1.019565429687500000e+02,1.078930816650390625e+02
1.067842712402343750e+02,1.106353912353515625e+02
6.615253448486328125e+01,7.951126098632812500e+01
7.693515777587890625e+01,8.589706420898437500e+01
8.655153656005859375e+01,9.475802612304687500e+01
8.983652496337890625e+01,9.781048583984375000e+01
7.557347106933593750e+01,8.927747344970703125e+01
9.408731842041015625e+01,1.021921539306640625e+02
4.833262252807617188e+01,5.930890274047851562e+01
7.530394744873046875e+01,8.094391632080078125e+01
9.735066986083984375e+01,1.032842864990234375e+02
7.490904998779296875e+01,8.538409423828125000e+01
8.422112274169921875e+01,9.128751373291015625e+01
7.058282470703125000e+01,8.297665405273437500e+01
7.893315124511718750e+01,8.876948547363281250e+01
1.026438827514648438e+02,1.062958755493164062e+02
1.275658340454101562e+02,1.183264770507812500e+02
1.345207977294921875e+02,1.183226776123046875e+02
1.078151473999023438e+02,1.263395843505859375e+02
1.216901931762695312e+02,1.326350250244140625e+02
1.228414840698242188e+02,1.307514953613281250e+02
1.285121612548828125e+02,1.338574523925781250e+02
1.775898742675781250e+01,3.615599441528320312e+01
1.620356178283691406e+01,3.309161376953125000e+01
1.811355400085449219e+01,3.691966247558593750e+01
1.639652252197265625e+01,3.310488891601562500e+01
1.755350875854492188e+01,3.705986785888671875e+01
1.911005592346191406e+01,4.121906280517578125e+01
6.750861358642578125e+01,1.093806610107421875e+02
6.867090606689453125e+01,1.028048706054687500e+02
3.745627975463867188e+01,7.715552520751953125e+01
7.660099029541015625e+01,1.114616394042968750e+02
6.419394683837890625e+01,1.068421020507812500e+02
7.412744903564453125e+01,1.001222991943359375e+02
5.080257034301757812e+01,8.503611755371093750e+01
9.877437591552734375e+01,1.233358917236328125e+02
7.102875518798828125e+01,1.026928253173828125e+02
5.157221603393554688e+01,8.853018188476562500e+01
6.469316864013671875e+01,9.899996185302734375e+01
7.707480621337890625e+01,1.077181396484375000e+02
7.062099456787109375e+01,1.125375823974609375e+02
9.119564819335937500e+01,1.210569763183593750e+02
7.744500732421875000e+01,1.168171005249023438e+02
8.224388885498046875e+01,1.173074951171875000e+02
6.787874603271484375e+01,1.091696166992187500e+02
4.798249435424804688e+01,8.697792053222656250e+01
7.797853851318359375e+01,1.055339508056640625e+02
5.482087326049804688e+01,9.364233398437500000e+01
6.260701370239257812e+01,9.746746063232421875e+01
3.800408554077148438e+01,7.523171997070312500e+01
9.039321899414062500e+01,1.215908355712890625e+02
7.500000762939453125e+01,1.163234786987304688e+02
6.375211715698242188e+01,1.107503128051757812e+02
5.306357955932617188e+01,9.027563476562500000e+01
4.833839035034179688e+01,8.611094665527343750e+01
7.778922271728515625e+01,1.035753479003906250e+02
5.256200027465820312e+01,9.006471252441406250e+01
4.150201416015625000e+01,8.098889160156250000e+01
5.972002029418945312e+01,9.491094970703125000e+01
3.600998306274414062e+01,8.327700042724609375e+01
6.946616363525390625e+01,1.027346649169921875e+02
7.665392303466796875e+01,1.158759307861328125e+02
6.496736145019531250e+01,1.090014114379882812e+02
8.179326629638671875e+01,1.164958648681640625e+02
6.644158935546875000e+01,1.077324066162109375e+02
6.372578430175781250e+01,1.111540985107421875e+02
7.411956024169921875e+01,1.153446655273437500e+02
7.552450561523437500e+01,1.154748077392578125e+02
6.271854019165039062e+01,1.098606872558593750e+02
7.768564605712890625e+01,1.041733551025390625e+02
5.192781066894531250e+01,8.995864868164062500e+01
5.942378234863281250e+01,9.655915069580078125e+01
3.472990036010742188e+01,8.389482116699218750e+01
7.604294586181640625e+01,1.031295242309570312e+02
9.401090240478515625e+01,1.141004028320312500e+02
6.746896362304687500e+01,1.132453002929687500e+02
5.957445144653320312e+01,1.036959838867187500e+02
5.300371170043945312e+01,1.001885681152343750e+02
2.516686058044433594e+01,7.583302307128906250e+01
1.012972488403320312e+02,1.280705871582031250e+02
2.656614685058593750e+01,8.705119323730468750e+01
2.667205619812011719e+01,9.115100097656250000e+01
2.623390769958496094e+01,9.223583984375000000e+01
2.427019691467285156e+01,8.181463623046875000e+01
2.198292350769042969e+01,7.286454772949218750e+01
3.141839027404785156e+01,9.463246154785156250e+01
2.853074645996093750e+01,9.345381164550781250e+01
2.534420204162597656e+01,9.313622283935546875e+01
2.520996093750000000e+01,8.833841705322265625e+01
2.233843040466308594e+01,8.554245758056640625e+01
2.113365364074707031e+01,8.243782806396484375e+01
1.940932083129882812e+01,7.096078491210937500e+01
1.826848793029785156e+01,6.474789428710937500e+01
2.047480583190917969e+01,7.526152038574218750e+01
1.993068504333496094e+01,7.596066284179687500e+01
1.819864273071289062e+01,6.643341827392578125e+01
1.937159538269042969e+01,6.580119323730468750e+01
1.775565338134765625e+01,5.944270324707031250e+01
1.979312515258789062e+01,6.767808532714843750e+01
1.803032875061035156e+01,6.041908645629882812e+01
2.348657989501953125e+01,8.082019042968750000e+01
2.151929664611816406e+01,7.986830139160156250e+01
2.139396858215332031e+01,8.476084899902343750e+01
1.901194953918457031e+01,7.358680725097656250e+01
2.053601646423339844e+01,7.347163391113281250e+01
1.869952392578125000e+01,6.841902160644531250e+01
1.682197761535644531e+01,5.025994110107421875e+01
1.718897056579589844e+01,6.020505523681640625e+01
1.942985343933105469e+01,5.853638076782226562e+01
1.982366943359375000e+01,6.993680572509765625e+01
1.824140357971191406e+01,5.931764221191406250e+01
1.895316505432128906e+01,7.547252655029296875e+01
1.851368522644042969e+01,6.700173187255859375e+01
5.144128799438476562e+01,9.639366912841796875e+01
4.291481399536132812e+01,9.481562805175781250e+01
2.056110954284667969e+01,6.556280517578125000e+01
4.219523239135742188e+01,9.013349151611328125e+01
2.408563232421875000e+01,7.426318359375000000e+01
2.501372337341308594e+01,3.203632354736328125e+01
9.278537750244140625e+01,8.320085144042968750e+01
2.664945030212402344e+01,3.663098144531250000e+01
2.916863441467285156e+01,4.318482589721679688e+01
2.745398521423339844e+01,4.333862686157226562e+01
4.317041015625000000e+01,5.842637634277343750e+01
2.749398803710937500e+01,4.218134307861328125e+01
3.548161697387695312e+01,4.983119964599609375e+01
2.367133522033691406e+01,3.318727111816406250e+01
2.359148979187011719e+01,3.280593872070312500e+01
3.898043823242187500e+01,4.975226211547851562e+01
2.918589591979980469e+01,4.077937316894531250e+01
4.680721664428710938e+01,5.971245956420898438e+01
2.911478996276855469e+01,4.361911010742187500e+01
4.407383346557617188e+01,6.125749969482421875e+01
4.512632369995117188e+01,5.616186904907226562e+01
1.993432044982910156e+01,3.416020202636718750e+01
3.483133316040039062e+01,4.876672744750976562e+01
1.975528335571289062e+01,3.429337310791015625e+01
3.065572547912597656e+01,4.350020980834960938e+01
1.897197532653808594e+01,2.734726715087890625e+01
1.910527992248535156e+01,2.802391815185546875e+01
3.295682144165039062e+01,4.367314529418945312e+01
2.519734001159667969e+01,3.555989074707031250e+01
1.237654876708984375e+01,1.556881332397460938e+01
2.073507499694824219e+01,2.452783393859863281e+01
1.250253963470458984e+01,1.564536476135253906e+01
2.030193710327148438e+01,2.531471633911132812e+01
2.473876762390136719e+01,1.089360618591308594e+01
2.451236915588378906e+01,1.125205135345458984e+01
9.291025543212890625e+01,7.023526000976562500e+01
1.731077003479003906e+01,2.504689407348632812e+01
3.298901367187500000e+01,3.849566650390625000e+01
1.990849494934082031e+01,2.269157028198242188e+01
1.175953140258789062e+02,9.830734252929687500e+01
6.371091842651367188e+01,1.142335052490234375e+02
3.786787796020507812e+01,8.091741180419921875e+01
5.362988662719726562e+01,9.332293701171875000e+01
5.987709426879882812e+01,1.055496520996093750e+02
8.382355499267578125e+01,1.213115539550781250e+02
7.396314239501953125e+01,1.162842330932617188e+02
1.010072860717773438e+02,1.305266876220703125e+02
5.329253005981445312e+01,1.016960601806640625e+02
7.377754974365234375e+01,1.175164184570312500e+02
6.696452331542968750e+01,1.156796569824218750e+02
7.784316253662109375e+01,1.176430969238281250e+02
1.196645736694335938e+02,1.397000122070312500e+02
1.165420303344726562e+02,1.400849609375000000e+02
1.035502395629882812e+02,1.087319564819335938e+02
1.070812377929687500e+02,1.142050552368164062e+02
1.114118041992187500e+02,1.191383361816406250e+02
1.077629928588867188e+02,1.128786926269531250e+02
1.155156421661376953e+01,1.384602832794189453e+01
3.725229263305664062e+01,8.790208435058593750e+01
3.284746170043945312e+01,8.000037384033203125e+01
3.095038604736328125e+01,9.182563781738281250e+01
3.208924484252929688e+01,9.299877929687500000e+01
2.875514221191406250e+01,7.314043426513671875e+01
5.188934326171875000e+01,9.257191467285156250e+01
3.634113693237304688e+01,8.615666198730468750e+01
3.420627212524414062e+01,8.175531768798828125e+01
3.836561965942382812e+01,8.594095611572265625e+01
4.390866088867187500e+01,7.980689239501953125e+01
3.213193893432617188e+01,7.095926666259765625e+01
3.016189765930175781e+01,6.618833160400390625e+01
3.803300094604492188e+01,1.005258255004882812e+02
3.304075241088867188e+01,8.836258697509765625e+01
3.278771591186523438e+01,8.887381744384765625e+01
3.217938995361328125e+01,9.345602416992187500e+01
5.286206436157226562e+01,9.933006286621093750e+01
3.188501739501953125e+01,8.118200683593750000e+01
3.180764198303222656e+01,8.159634399414062500e+01
3.125202941894531250e+01,8.494512176513671875e+01
4.016453552246093750e+01,8.749066162109375000e+01
6.741929626464843750e+01,9.115710449218750000e+01
2.563554954528808594e+01,9.374139404296875000e+01
3.228228759765625000e+01,6.624227142333984375e+01
1.721083259582519531e+01,5.693105316162109375e+01
2.312951850891113281e+01,5.920534896850585938e+01
5.763964462280273438e+01,1.199261016845703125e+02
2.456340217590332031e+01,8.854939270019531250e+01
4.704545974731445312e+01,1.158173599243164062e+02
2.411582756042480469e+01,7.462184906005859375e+01
3.993035507202148438e+01,9.165669250488281250e+01
2.722478294372558594e+01,6.105408477783203125e+01
2.292066001892089844e+01,5.098618316650390625e+01
3.438628005981445312e+01,7.899102020263671875e+01
6.139368820190429688e+01,1.207543792724609375e+02
1.613155937194824219e+01,8.731628417968750000e+01
3.574246597290039062e+01,1.504734802246093750e+02
1.940508842468261719e+01,9.769029998779296875e+01
2.187360954284667969e+01,9.184013366699218750e+01
3.554127883911132812e+01,7.331112670898437500e+01
5.945173263549804688e+01,1.278352203369140625e+02
4.857063674926757812e+01,1.376461334228515625e+02
5.857985305786132812e+01,1.123717041015625000e+02
6.342976379394531250e+01,1.072826919555664062e+02
8.218511199951171875e+01,1.167760772705078125e+02
8.013774871826171875e+01,1.000797348022460938e+02
1.767039680480957031e+01,5.374449157714843750e+01
5.290600585937500000e+01,1.196635360717773438e+02
2.856917762756347656e+01,6.782000732421875000e+01
2.936225891113281250e+01,7.021873474121093750e+01
2.930666160583496094e+01,7.053173065185546875e+01
2.361961174011230469e+01,7.166580200195312500e+01
2.380915069580078125e+01,6.178737640380859375e+01
2.817271423339843750e+01,6.475213623046875000e+01
2.353191184997558594e+01,6.254589462280273438e+01
4.398963928222656250e+01,8.582850646972656250e+01
2.728866577148437500e+01,6.538123321533203125e+01
2.106388282775878906e+01,4.689970397949218750e+01
2.067004585266113281e+01,5.057700347900390625e+01
3.015938377380371094e+01,5.767479324340820312e+01
5.019989013671875000e+01,9.202882385253906250e+01
9.519940948486328125e+01,1.282615051269531250e+02
1.624080848693847656e+01,3.997636032104492188e+01
2.837061119079589844e+01,6.543046569824218750e+01
4.719850158691406250e+01,1.098921508789062500e+02
3.591293334960937500e+01,6.989215087890625000e+01
4.378055953979492188e+01,8.223556518554687500e+01
5.005882644653320312e+01,7.378146362304687500e+01
3.565472412109375000e+01,7.670652770996093750e+01
3.670498657226562500e+01,7.942532348632812500e+01
5.940046691894531250e+01,7.436997222900390625e+01
3.621992111206054688e+01,4.928893280029296875e+01
9.912450408935546875e+01,9.923770141601562500e+01
3.651718902587890625e+01,5.112434387207031250e+01
4.448024368286132812e+01,5.876259613037109375e+01
4.375389480590820312e+01,5.852709197998046875e+01
4.500099182128906250e+01,6.051081848144531250e+01
1.076874771118164062e+02,1.072105712890625000e+02
6.962364959716796875e+01,1.071464996337890625e+02
5.815855407714843750e+01,9.834349060058593750e+01
5.586853408813476562e+01,9.793669891357421875e+01
3.311162185668945312e+01,9.024118041992187500e+01
4.413839340209960938e+01,9.541679382324218750e+01
3.359081268310546875e+01,9.277221679687500000e+01
3.140444755554199219e+01,9.710056304931640625e+01
1.952119255065917969e+01,7.103627014160156250e+01
2.488069915771484375e+01,6.655020141601562500e+01
6.444508361816406250e+01,9.252836608886718750e+01
7.227001190185546875e+01,1.107986907958984375e+02
8.411253356933593750e+01,1.156380920410156250e+02
3.898398971557617188e+01,8.520740509033203125e+01
5.438091659545898438e+01,9.973080444335937500e+01
6.320889663696289062e+01,1.047206115722656250e+02
5.583192443847656250e+01,9.276258087158203125e+01
5.828995895385742188e+01,9.395806884765625000e+01
3.313783645629882812e+01,7.133473968505859375e+01
3.977006149291992188e+01,7.998657226562500000e+01
3.461375427246093750e+01,8.126531982421875000e+01
3.754724121093750000e+01,8.191578674316406250e+01
4.955550765991210938e+01,8.351130676269531250e+01
4.255965805053710938e+01,7.574464416503906250e+01
3.722114181518554688e+01,7.530895996093750000e+01
4.218700790405273438e+01,7.723164367675781250e+01
4.915424728393554688e+01,8.787100219726562500e+01
3.650582122802734375e+01,7.572763824462890625e+01
3.835653686523437500e+01,8.152714538574218750e+01
3.647654724121093750e+01,8.392790985107421875e+01
4.061511611938476562e+01,8.145089721679687500e+01
3.603907394409179688e+01,7.801544952392578125e+01
6.884997558593750000e+01,9.980633544921875000e+01
4.531236648559570312e+01,8.413732910156250000e+01
3.443910598754882812e+01,7.862619781494140625e+01
5.617712402343750000e+01,9.522387695312500000e+01
6.145568466186523438e+01,9.758422851562500000e+01
5.624754714965820312e+01,9.485284423828125000e+01
4.894535827636718750e+01,8.352799987792968750e+01
5.312165451049804688e+01,8.408938598632812500e+01
7.144604492187500000e+01,1.024637756347656250e+02
5.881799697875976562e+01,9.521483612060546875e+01
8.852429962158203125e+01,1.034019317626953125e+02
9.852939605712890625e+01,1.124202270507812500e+02
8.479610443115234375e+01,9.460774230957031250e+01
8.504645538330078125e+01,1.022913665771484375e+02
5.774917602539062500e+01,9.875572967529296875e+01
3.250142288208007812e+01,6.400473022460937500e+01
4.543969726562500000e+01,8.125599670410156250e+01
5.092908096313476562e+01,8.971028137207031250e+01
5.639332962036132812e+01,1.207060089111328125e+02
3.867287826538085938e+01,1.135752258300781250e+02
4.215533065795898438e+01,8.933329772949218750e+01
3.006755065917968750e+01,7.759239196777343750e+01
6.686292266845703125e+01,1.402456359863281250e+02
4.554612731933593750e+01,1.100650634765625000e+02
4.637262344360351562e+01,1.074104385375976562e+02
3.837298965454101562e+01,1.016927032470703125e+02
2.915051460266113281e+01,6.719932556152343750e+01
3.662917709350585938e+01,7.521209716796875000e+01
1.627146339416503906e+01,3.364026641845703125e+01
2.162291908264160156e+01,3.020365142822265625e+01
6.485263824462890625e+01,9.780924987792968750e+01
1.265490493774414062e+02,1.357152404785156250e+02
1.184135437011718750e+02,1.312357482910156250e+02
6.616196441650390625e+01,9.811427307128906250e+01
9.337097167968750000e+01,1.254433975219726562e+02
9.080151367187500000e+01,1.262296981811523438e+02
1.215362167358398438e+02,1.031384582519531250e+02
1.907010650634765625e+01,5.686415863037109375e+01
1.645302009582519531e+01,4.687545013427734375e+01
1.590376758575439453e+01,4.776868438720703125e+01
1.542678737640380859e+01,4.331392669677734375e+01
1.582656860351562500e+01,4.759648132324218750e+01
2.093263626098632812e+01,2.175865936279296875e+01
9.995864868164062500e+01,1.291299743652343750e+02
1.001098403930664062e+02,1.291114807128906250e+02
8.817404174804687500e+01,1.235386810302734375e+02
6.494603729248046875e+01,6.915281677246093750e+01
3.486531066894531250e+01,3.751607513427734375e+01
4.077655792236328125e+01,4.548126983642578125e+01
2.287687873840332031e+01,2.660749435424804688e+01
9.150594329833984375e+01,1.046924362182617188e+02
9.407733154296875000e+01,1.027254638671875000e+02
9.839074707031250000e+01,1.076784820556640625e+02
1.306220550537109375e+02,1.275395584106445312e+02
9.418816375732421875e+01,1.050496063232421875e+02
1.146340637207031250e+02,1.195161285400390625e+02
9.848087310791015625e+01,1.077169952392578125e+02
9.527883911132812500e+01,1.072362442016601562e+02
1.354122314453125000e+02,1.319895019531250000e+02
7.842024993896484375e+01,1.023497924804687500e+02
9.192440032958984375e+01,1.015258331298828125e+02
6.467974090576171875e+01,8.209039306640625000e+01
7.107820892333984375e+01,8.489515686035156250e+01
6.157831192016601562e+01,7.579486083984375000e+01
5.417683029174804688e+01,7.267027282714843750e+01
4.426654052734375000e+01,6.919211578369140625e+01
7.645891571044921875e+01,8.283781433105468750e+01
8.185183715820312500e+01,9.469618988037109375e+01
6.282518005371093750e+01,7.707092285156250000e+01
5.754441452026367188e+01,7.521909332275390625e+01
8.123097991943359375e+01,9.559948730468750000e+01
8.806982421875000000e+01,1.011034011840820312e+02
4.277369308471679688e+01,6.535151672363281250e+01
6.238013839721679688e+01,7.722033691406250000e+01
8.518295288085937500e+01,9.721281433105468750e+01
6.363679122924804688e+01,7.819108581542968750e+01
5.833521652221679688e+01,7.620855712890625000e+01
5.266096115112304688e+01,7.429396057128906250e+01
1.362485198974609375e+02,1.322160339355468750e+02
7.207735443115234375e+01,1.106758117675781250e+02
9.098873138427734375e+01,1.151896514892578125e+02
9.813678741455078125e+01,1.163800354003906250e+02
9.302771759033203125e+01,1.162609024047851562e+02
4.547840881347656250e+01,8.305478668212890625e+01
5.346152877807617188e+01,8.973387145996093750e+01
4.322862243652343750e+01,7.865721130371093750e+01
5.561174011230468750e+01,8.570848846435546875e+01
4.034053421020507812e+01,8.251725769042968750e+01
6.007913589477539062e+01,8.973314666748046875e+01
6.455788421630859375e+01,8.662501525878906250e+01
4.442583084106445312e+01,7.744709777832031250e+01
5.356869888305664062e+01,8.208763122558593750e+01
4.558029174804687500e+01,6.647023010253906250e+01
6.377382278442382812e+01,8.280670166015625000e+01
8.341896820068359375e+01,1.057799835205078125e+02
6.239416503906250000e+01,8.884212493896484375e+01
6.259289550781250000e+01,9.169782257080078125e+01
4.666162109375000000e+01,7.926007080078125000e+01
3.878049087524414062e+01,7.442555999755859375e+01
6.563307952880859375e+01,8.759471130371093750e+01
7.015660095214843750e+01,9.133491516113281250e+01
1.050553665161132812e+02,1.158430023193359375e+02
4.677922058105468750e+01,1.310480346679687500e+02
9.133352661132812500e+01,1.142369842529296875e+02
5.919813156127929688e+01,1.240650482177734375e+02
8.825461578369140625e+01,1.139968109130859375e+02
1.110862503051757812e+02,1.263198547363281250e+02
4.018621826171875000e+01,7.684590911865234375e+01
7.866480255126953125e+01,9.975396728515625000e+01
3.485696792602539062e+01,8.091682434082031250e+01
6.681839752197265625e+01,9.127467346191406250e+01
1.082955703735351562e+02,1.183800964355468750e+02
6.418093109130859375e+01,9.653922271728515625e+01
7.064736175537109375e+01,9.362686157226562500e+01
1.068502578735351562e+02,1.170708160400390625e+02
5.584531021118164062e+01,9.354082489013671875e+01
6.743647003173828125e+01,1.024553680419921875e+02
7.139286804199218750e+01,1.022336578369140625e+02
8.061145782470703125e+01,1.086718750000000000e+02
1.010970783233642578e+01,8.529231262207031250e+01
9.724461555480957031e+00,5.639023590087890625e+01
1.260958194732666016e+01,7.679222106933593750e+01
2.135035514831542969e+01,4.860419845581054688e+01
4.317100143432617188e+01,7.662165832519531250e+01
4.968100357055664062e+01,8.519458007812500000e+01
4.911406326293945312e+01,7.858587646484375000e+01
5.839782714843750000e+01,8.322975158691406250e+01
6.187744522094726562e+01,8.598734283447265625e+01
6.893935394287109375e+01,9.709091949462890625e+01
6.485794830322265625e+01,9.930263519287109375e+01
5.327923583984375000e+01,7.832305908203125000e+01
6.524248504638671875e+01,9.696960449218750000e+01
4.900458908081054688e+01,8.058592224121093750e+01
5.685118103027343750e+01,9.343257141113281250e+01
9.907085418701171875e+01,1.178267898559570312e+02
6.687130737304687500e+01,9.252017211914062500e+01
8.190148925781250000e+01,9.772875213623046875e+01
6.419863891601562500e+01,8.724244689941406250e+01
8.179333496093750000e+01,1.004009323120117188e+02
7.203475952148437500e+01,1.000453643798828125e+02
3.968927001953125000e+01,7.799549865722656250e+01
5.624509811401367188e+01,9.580873870849609375e+01
4.227900314331054688e+01,7.642276000976562500e+01
3.803711318969726562e+01,7.984320068359375000e+01
3.879145050048828125e+01,7.937750244140625000e+01
3.901940536499023438e+01,7.766246795654296875e+01
6.026983642578125000e+01,9.496995544433593750e+01
7.061410522460937500e+01,1.010899810791015625e+02
8.906851959228515625e+01,1.134367141723632812e+02
6.864606475830078125e+01,9.709346008300781250e+01
7.236692810058593750e+01,9.531317138671875000e+01
8.806476593017578125e+01,1.270291290283203125e+02
8.040966796875000000e+01,1.329656982421875000e+02
9.205599212646484375e+01,1.321679382324218750e+02
1.038407287597656250e+02,1.335912017822265625e+02
1.058142471313476562e+02,1.321157379150390625e+02
9.711996459960937500e+01,1.315249481201171875e+02
1.076951293945312500e+02,1.343007202148437500e+02
8.648034667968750000e+01,1.305229492187500000e+02
9.066738128662109375e+01,1.341697082519531250e+02
9.061016845703125000e+01,1.353943786621093750e+02
7.890277099609375000e+01,1.239902801513671875e+02
7.735213470458984375e+01,1.284144897460937500e+02
8.152130889892578125e+01,1.281391143798828125e+02
7.701480865478515625e+01,1.267102661132812500e+02
8.576081085205078125e+01,1.325608673095703125e+02
8.493816375732421875e+01,1.301168975830078125e+02
7.618837738037109375e+01,1.286691589355468750e+02
7.569078826904296875e+01,1.281690521240234375e+02
6.618645477294921875e+01,1.258506469726562500e+02
7.143479156494140625e+01,1.265498199462890625e+02
8.024018859863281250e+01,1.328444519042968750e+02
7.811963653564453125e+01,1.320975189208984375e+02
9.174591064453125000e+01,1.343085021972656250e+02
9.814777374267578125e+01,1.387335205078125000e+02
1.110005874633789062e+02,1.343461914062500000e+02
9.460626220703125000e+01,1.303874511718750000e+02
9.783267974853515625e+01,1.300877685546875000e+02
9.536978149414062500e+01,1.293718566894531250e+02
1.015775756835937500e+02,1.322057342529296875e+02
1.034479141235351562e+02,1.335299987792968750e+02
1.056971054077148438e+02,1.335701904296875000e+02
1.034052047729492188e+02,1.321686401367187500e+02
1.084459609985351562e+02,1.348868713378906250e+02
9.601432037353515625e+01,1.339854888916015625e+02
9.047909545898437500e+01,1.354105682373046875e+02
1.184090805053710938e+02,1.340383148193359375e+02
8.797644805908203125e+01,1.249181671142578125e+02
4.701205825805664062e+01,5.974625396728515625e+01
4.518727111816406250e+01,5.455638885498046875e+01
4.722964477539062500e+01,6.191083526611328125e+01
4.461595535278320312e+01,5.831219863891601562e+01
4.763956069946289062e+01,7.125291442871093750e+01
4.312456893920898438e+01,5.694754791259765625e+01
4.281344604492187500e+01,6.067098999023437500e+01
4.085795211791992188e+01,5.319078063964843750e+01
3.970121383666992188e+01,5.266358947753906250e+01
4.120064926147460938e+01,5.855728912353515625e+01
3.976206588745117188e+01,5.649681854248046875e+01
3.994749069213867188e+01,6.865637969970703125e+01
3.895399093627929688e+01,5.986031341552734375e+01
3.790763473510742188e+01,5.933472824096679688e+01
3.572499084472656250e+01,5.354265594482421875e+01
3.671239852905273438e+01,5.892831039428710938e+01
3.335393905639648438e+01,5.247373199462890625e+01
3.344026565551757812e+01,5.293415451049804688e+01
1.016850585937500000e+02,1.206992950439453125e+02
9.590451812744140625e+01,1.205171279907226562e+02
8.180004882812500000e+01,1.122594299316406250e+02
9.348913574218750000e+01,1.169258575439453125e+02
1.048785324096679688e+02,1.199699554443359375e+02
1.033110122680664062e+02,1.241194152832031250e+02
1.099409561157226562e+02,1.210815124511718750e+02
8.990909576416015625e+01,1.115659484863281250e+02
1.013093338012695312e+02,1.163537750244140625e+02
7.401038360595703125e+01,1.035748672485351562e+02
4.869491577148437500e+01,8.635720062255859375e+01
7.030144500732421875e+01,1.029250793457031250e+02
4.902166366577148438e+01,8.637429809570312500e+01
6.647946929931640625e+01,1.007903060913085938e+02
7.739948272705078125e+01,1.018485107421875000e+02
5.412466430664062500e+01,8.472285461425781250e+01
7.699422454833984375e+01,1.086014251708984375e+02
5.477035522460937500e+01,9.454280853271484375e+01
8.273671722412109375e+01,1.026275024414062500e+02
7.852243804931640625e+01,1.018708648681640625e+02
8.872505950927734375e+01,1.050720520019531250e+02
8.642961883544921875e+01,1.084004745483398438e+02
7.702559661865234375e+01,1.026667938232421875e+02
6.785278320312500000e+01,1.051941528320312500e+02
1.595911121368408203e+01,4.065007019042968750e+01
1.418417644500732422e+01,3.979621887207031250e+01
1.801981163024902344e+01,3.479381561279296875e+01
1.685843086242675781e+01,3.836448669433593750e+01
1.627046775817871094e+01,4.198006439208984375e+01
1.523840808868408203e+01,3.447943878173828125e+01
1.639074134826660156e+01,4.289811706542968750e+01
2.099291229248046875e+01,5.015913391113281250e+01
2.281006813049316406e+01,4.435489654541015625e+01
2.375969886779785156e+01,4.908381652832031250e+01
6.054214859008789062e+01,1.247002410888671875e+02
1.161233291625976562e+02,1.382731933593750000e+02
9.248241424560546875e+01,1.276573638916015625e+02
9.628408813476562500e+01,1.232626266479492188e+02
9.765548706054687500e+01,1.240722427368164062e+02
9.466003417968750000e+01,1.248928909301757812e+02
9.005401611328125000e+01,1.237949523925781250e+02
6.922931671142578125e+01,9.724986267089843750e+01
6.962148284912109375e+01,9.870332336425781250e+01
8.933095550537109375e+01,1.216479644775390625e+02
6.267462158203125000e+01,1.076563186645507812e+02
6.762206268310546875e+01,9.393910217285156250e+01
6.586422729492187500e+01,9.889503479003906250e+01
8.796730804443359375e+01,1.239663619995117188e+02
9.461811065673828125e+01,1.190058898925781250e+02
9.577612304687500000e+01,1.199521179199218750e+02
8.857851409912109375e+01,1.215845642089843750e+02
6.653807830810546875e+01,9.367641448974609375e+01
6.488985443115234375e+01,9.871952819824218750e+01
9.406417083740234375e+01,1.159886169433593750e+02
8.860867309570312500e+01,1.204596633911132812e+02
8.714340972900390625e+01,1.200275802612304688e+02
7.989163208007812500e+01,9.947272491455078125e+01
6.668709564208984375e+01,1.024042968750000000e+02
7.755097198486328125e+01,9.400840759277343750e+01
9.090340423583984375e+01,1.078473815917968750e+02
7.556146240234375000e+01,9.222634124755859375e+01
7.400654602050781250e+01,8.945289611816406250e+01
9.119596099853515625e+01,1.091737213134765625e+02
4.635032653808593750e+01,8.234458160400390625e+01
9.200830841064453125e+01,1.094830398559570312e+02
9.580478668212890625e+01,1.109733505249023438e+02
1.042453231811523438e+02,1.278295288085937500e+02
1.115525741577148438e+02,1.298386077880859375e+02
9.331497955322265625e+01,1.224295806884765625e+02
5.046580123901367188e+01,4.167067337036132812e+01
5.882270431518554688e+01,1.033310852050781250e+02
5.384971237182617188e+01,1.009559860229492188e+02
5.325477218627929688e+01,9.976828002929687500e+01
7.850324249267578125e+01,1.188523559570312500e+02
7.032587432861328125e+01,1.134410781860351562e+02
5.298744583129882812e+01,9.905446624755859375e+01
5.209989547729492188e+01,1.008311614990234375e+02
5.434558105468750000e+01,1.028331604003906250e+02
7.455709075927734375e+01,1.147327041625976562e+02
2.451130676269531250e+01,7.628982543945312500e+01
4.087721633911132812e+01,8.700516510009765625e+01
4.459243774414062500e+01,8.751776123046875000e+01
3.574925231933593750e+01,8.461603546142578125e+01
2.463466835021972656e+01,7.513757324218750000e+01
9.647943115234375000e+01,1.256225051879882812e+02
8.435070037841796875e+01,1.135034790039062500e+02
1.243235778808593750e+02,1.369246520996093750e+02
1.117967758178710938e+02,1.346812286376953125e+02
1.575807666778564453e+01,4.172478103637695312e+01
1.405326080322265625e+01,5.187682342529296875e+01
1.772584152221679688e+01,5.593143844604492188e+01
1.715832328796386719e+01,4.792818450927734375e+01
1.726259803771972656e+01,5.387488555908203125e+01
1.745890998840332031e+01,5.451325988769531250e+01
2.321109962463378906e+01,6.011926269531250000e+01
9.992514801025390625e+01,1.137916717529296875e+02
6.782531738281250000e+01,8.083755493164062500e+01
1.379082183837890625e+02,1.374538116455078125e+02
1.348078002929687500e+02,1.346976318359375000e+02
1.357803344726562500e+02,1.341753845214843750e+02
1.327818145751953125e+02,1.304876251220703125e+02
5.666091918945312500e+01,1.040675430297851562e+02
6.686110687255859375e+01,1.114311676025390625e+02
6.143568038940429688e+01,1.045523071289062500e+02
1.245664901733398438e+02,1.293215026855468750e+02
1.244312515258789062e+02,1.218800659179687500e+02
1.195117874145507812e+02,1.111952514648437500e+02
9.004998779296875000e+01,1.047897949218750000e+02
8.439911651611328125e+01,9.755289459228515625e+01
7.654227447509765625e+01,9.569541931152343750e+01
5.356303024291992188e+01,1.095522003173828125e+02
5.038891601562500000e+01,9.889941406250000000e+01
5.715340042114257812e+01,1.044893264770507812e+02
4.986701965332031250e+01,1.083862533569335938e+02
2.939367866516113281e+01,9.656263732910156250e+01
5.012472534179687500e+01,1.102175445556640625e+02
3.887590408325195312e+01,9.856118774414062500e+01
3.845015716552734375e+01,1.006313018798828125e+02
3.910848236083984375e+01,1.001955413818359375e+02
4.072062301635742188e+01,1.020773925781250000e+02
4.859696960449218750e+01,1.038225555419921875e+02
4.831468582153320312e+01,1.048792114257812500e+02
4.446912765502929688e+01,1.027438430786132812e+02
7.106250762939453125e+01,1.208342742919921875e+02
6.361400222778320312e+01,1.133618927001953125e+02
6.552352905273437500e+01,1.149727554321289062e+02
6.589035797119140625e+01,1.159767456054687500e+02
5.381214904785156250e+01,1.083465118408203125e+02
4.654071044921875000e+01,1.055827484130859375e+02
5.102895736694335938e+01,1.085840301513671875e+02
5.654508590698242188e+01,1.113368225097656250e+02
5.671835708618164062e+01,1.110784683227539062e+02
5.737607955932617188e+01,1.113599472045898438e+02
5.787928390502929688e+01,1.152844924926757812e+02
5.584484863281250000e+01,1.112545471191406250e+02
5.830754470825195312e+01,1.121999511718750000e+02
6.758068847656250000e+01,1.166764373779296875e+02
6.427947998046875000e+01,1.136251068115234375e+02
6.621302032470703125e+01,1.149454345703125000e+02
6.605359649658203125e+01,1.148384246826171875e+02
6.607234954833984375e+01,1.151370162963867188e+02
6.002420043945312500e+01,1.126597442626953125e+02
5.291439437866210938e+01,1.081354370117187500e+02
1.219483032226562500e+02,1.295954284667968750e+02
1.088281021118164062e+02,1.272323913574218750e+02
1.142683486938476562e+02,1.269804077148437500e+02
7.764286041259765625e+01,1.142824554443359375e+02
7.317585754394531250e+01,1.061733093261718750e+02
1.864272880554199219e+01,5.773234558105468750e+01
3.418117141723632812e+01,8.139329528808593750e+01
4.653022766113281250e+01,8.369027709960937500e+01
5.401477050781250000e+01,9.317083740234375000e+01
6.698519134521484375e+01,1.148788604736328125e+02
8.954650115966796875e+01,1.218926849365234375e+02
8.011051940917968750e+01,1.213619308471679688e+02
6.806136322021484375e+01,1.008370208740234375e+02
4.303177261352539062e+01,9.194761657714843750e+01
6.973746490478515625e+01,1.081299438476562500e+02
7.223230743408203125e+01,1.095011215209960938e+02
6.740301513671875000e+01,9.974664306640625000e+01
7.082930755615234375e+01,9.994883728027343750e+01
7.463636016845703125e+01,1.101723098754882812e+02
8.940496063232421875e+01,1.160972442626953125e+02
8.225824737548828125e+01,1.145006484985351562e+02
1.134567260742187500e+02,1.361491088867187500e+02
1.030491867065429688e+02,1.261211853027343750e+02
5.454786300659179688e+01,8.797248840332031250e+01
4.216811370849609375e+01,8.431282043457031250e+01
3.305072021484375000e+01,7.646978759765625000e+01
2.928415489196777344e+01,7.736492919921875000e+01
3.506275558471679688e+01,7.839410400390625000e+01
2.109979248046875000e+01,7.662017822265625000e+01
2.532528114318847656e+01,7.789562988281250000e+01
3.446682739257812500e+01,7.880355834960937500e+01
2.202955055236816406e+01,7.428199768066406250e+01
2.152319908142089844e+01,7.100701904296875000e+01
1.955764007568359375e+01,7.364472198486328125e+01
1.423299694061279297e+01,7.079737854003906250e+01
1.737095832824707031e+01,7.468289947509765625e+01
1.641218757629394531e+01,6.327971649169921875e+01
6.259737014770507812e+01,1.188633880615234375e+02
8.193354034423828125e+01,1.162810211181640625e+02
2.126248741149902344e+01,6.510676574707031250e+01
4.836471557617187500e+01,1.197775192260742188e+02
1.189426498413085938e+02,1.216534500122070312e+02
1.185943832397460938e+02,1.256790618896484375e+02
1.021448974609375000e+02,1.025520629882812500e+02
4.243102264404296875e+01,1.161579818725585938e+02
1.928104972839355469e+01,4.552729034423828125e+01
1.007243423461914062e+02,1.320284271240234375e+02
1.946203994750976562e+01,4.991456985473632812e+01
5.067251586914062500e+01,9.915466308593750000e+01
6.457503509521484375e+01,1.188456726074218750e+02
5.041286087036132812e+01,1.155037689208984375e+02
3.152250099182128906e+01,6.681828308105468750e+01
1.141425552368164062e+02,1.321349487304687500e+02
1.147861328125000000e+02,1.267679595947265625e+02
1.138785400390625000e+02,1.334242553710937500e+02
7.018711090087890625e+01,1.056309890747070312e+02
1.144826431274414062e+02,1.271064529418945312e+02
4.830393981933593750e+01,1.242704620361328125e+02
3.420338821411132812e+01,8.716749572753906250e+01
8.326937103271484375e+01,1.048927459716796875e+02
8.021028137207031250e+01,1.036486968994140625e+02
6.169937515258789062e+01,9.884588623046875000e+01
8.201091766357421875e+01,1.057065124511718750e+02
7.895761108398437500e+01,1.035087432861328125e+02
6.464606475830078125e+01,9.422085571289062500e+01
7.556686401367187500e+01,1.016136169433593750e+02
8.208449554443359375e+01,1.312363586425781250e+02
3.980339050292968750e+01,6.593241119384765625e+01
3.540563201904296875e+01,6.125869750976562500e+01
4.133184814453125000e+01,7.369792938232421875e+01
3.717885971069335938e+01,6.755253601074218750e+01
6.312477493286132812e+01,8.608052062988281250e+01
6.885277557373046875e+01,1.165494842529296875e+02
5.298737716674804688e+01,1.072611846923828125e+02
2.918726921081542969e+01,4.305042266845703125e+01
1.762294006347656250e+01,6.366572570800781250e+01
1.460619354248046875e+01,6.066377258300781250e+01
3.040332031250000000e+01,7.893121337890625000e+01
8.584296417236328125e+01,1.241100616455078125e+02
8.533386230468750000e+01,1.219324645996093750e+02
6.382148742675781250e+01,1.142519607543945312e+02
7.283338165283203125e+01,1.085414276123046875e+02
4.103683853149414062e+01,9.021706390380859375e+01
2.649411964416503906e+01,9.436155700683593750e+01
3.715398788452148438e+01,1.015953063964843750e+02
7.425115966796875000e+01,1.219903106689453125e+02
3.195014953613281250e+01,9.903509521484375000e+01
1.015034484863281250e+02,1.183455276489257812e+02
8.818674468994140625e+01,1.164983596801757812e+02
1.014220352172851562e+02,1.231659851074218750e+02
5.202611923217773438e+01,8.525288391113281250e+01
7.213155364990234375e+01,9.547144317626953125e+01
7.025408935546875000e+01,9.490277099609375000e+01
1.248264789581298828e+01,3.472729492187500000e+01
3.869453811645507812e+01,4.064723205566406250e+01
1.185028152465820312e+02,1.324616699218750000e+02
6.851256561279296875e+01,1.069837493896484375e+02
7.019648742675781250e+01,1.087523956298828125e+02
9.064138031005859375e+01,1.143290252685546875e+02
1.084189071655273438e+02,1.238107757568359375e+02
1.008534164428710938e+02,1.158436126708984375e+02
1.046025085449218750e+02,1.170158843994140625e+02
1.015857925415039062e+02,1.255534667968750000e+02
1.134863662719726562e+02,1.289236297607421875e+02
1.110314102172851562e+02,1.323671417236328125e+02
1.067889022827148438e+02,1.295701293945312500e+02
1.010305404663085938e+02,1.251682815551757812e+02
1.019896621704101562e+02,1.269946975708007812e+02
1.022748947143554688e+02,1.256846160888671875e+02
1.073109512329101562e+02,1.301018218994140625e+02
1.103601303100585938e+02,1.303798522949218750e+02
1.069689331054687500e+02,1.293079223632812500e+02
1.021192398071289062e+02,1.296101379394531250e+02
1.054648208618164062e+02,1.316404724121093750e+02
1.179344177246093750e+02,1.327739410400390625e+02
1.177400741577148438e+02,1.348516387939453125e+02
1.232851791381835938e+02,1.372474365234375000e+02
1.184903945922851562e+02,1.317395324707031250e+02
1.086748580932617188e+02,1.321303253173828125e+02
1.117821121215820312e+02,1.323824920654296875e+02
1.230630111694335938e+02,1.387687683105468750e+02
1.135087966918945312e+02,1.343958892822265625e+02
9.589777374267578125e+01,1.256200866699218750e+02
1.169861068725585938e+02,1.294734191894531250e+02
1.051205673217773438e+02,1.302936553955078125e+02
1.109592895507812500e+02,1.304263916015625000e+02
1.188586959838867188e+02,1.333468017578125000e+02
1.134932250976562500e+02,1.321838073730468750e+02
5.024961471557617188e+01,7.441088104248046875e+01
3.606295394897460938e+01,6.543136596679687500e+01
4.189256286621093750e+01,6.544035339355468750e+01
8.426461029052734375e+01,8.616919708251953125e+01
9.855706024169921875e+01,1.186575469970703125e+02
1.153900146484375000e+02,1.305499114990234375e+02
1.118645248413085938e+02,1.287703399658203125e+02
1.170709152221679688e+02,1.309974365234375000e+02
1.168566894531250000e+02,1.305769042968750000e+02
1.107990036010742188e+02,1.292529144287109375e+02
1.159689102172851562e+02,1.280095214843750000e+02
1.205566940307617188e+02,1.288536987304687500e+02
8.966042327880859375e+01,1.172860794067382812e+02
8.487787628173828125e+01,1.146445693969726562e+02
9.222171783447265625e+01,1.181928863525390625e+02
9.329000091552734375e+01,1.190141754150390625e+02
8.285455322265625000e+01,1.148338775634765625e+02
9.082747650146484375e+01,1.168172454833984375e+02
1.125971298217773438e+02,1.239510345458984375e+02
9.155322265625000000e+01,1.178942413330078125e+02
9.806347656250000000e+01,1.211233596801757812e+02
1.049449539184570312e+02,1.238629074096679688e+02
9.262325286865234375e+01,1.155031356811523438e+02
8.790421295166015625e+01,1.125643157958984375e+02
8.704285430908203125e+01,1.133370056152343750e+02
8.133383178710937500e+01,1.147892303466796875e+02
8.622744750976562500e+01,1.122927474975585938e+02
9.270983123779296875e+01,1.147698364257812500e+02
9.833683013916015625e+01,1.187197647094726562e+02
1.022298965454101562e+02,1.199943084716796875e+02
1.067036514282226562e+02,1.217889556884765625e+02
9.672618865966796875e+01,1.175785064697265625e+02
1.165894088745117188e+02,1.304175720214843750e+02
1.166616897583007812e+02,1.311880950927734375e+02
1.043275070190429688e+02,1.297580108642578125e+02
1.116709976196289062e+02,1.318750305175781250e+02
1.179819107055664062e+02,1.332622985839843750e+02
1.129567871093750000e+02,1.283853149414062500e+02
9.688397216796875000e+01,1.261206207275390625e+02
1.232439804077148438e+02,1.329614257812500000e+02
1.203170166015625000e+02,1.323030395507812500e+02
1.194505233764648438e+02,1.324324340820312500e+02
1.092215652465820312e+02,1.304885864257812500e+02
1.139538192749023438e+02,1.323257446289062500e+02
1.206984252929687500e+02,1.340408935546875000e+02
1.189739303588867188e+02,1.320597381591796875e+02
1.209106063842773438e+02,1.336571655273437500e+02
1.179593734741210938e+02,1.318055725097656250e+02
1.038958969116210938e+02,1.292600860595703125e+02
1.199878845214843750e+02,1.341387329101562500e+02
1.023430175781250000e+02,1.279047927856445312e+02
9.525858306884765625e+01,1.255064086914062500e+02
1.195746459960937500e+02,1.318883666992187500e+02
1.082679138183593750e+02,1.301532592773437500e+02
1.196489257812500000e+02,1.339012756347656250e+02
1.040005111694335938e+02,1.298764648437500000e+02
1.028615951538085938e+02,1.276249694824218750e+02
1.006694335937500000e+02,1.257973327636718750e+02
1.166418075561523438e+02,1.308911743164062500e+02
9.967113494873046875e+01,1.258997802734375000e+02
1.173425064086914062e+02,1.313343811035156250e+02
1.185711593627929688e+02,1.329945373535156250e+02
1.025020370483398438e+02,1.259558029174804688e+02
8.567519378662109375e+01,1.209702758789062500e+02
9.859762573242187500e+01,1.263051681518554688e+02
9.234163665771484375e+01,1.212847137451171875e+02
1.106361465454101562e+02,1.277913970947265625e+02
9.536560058593750000e+01,1.228937835693359375e+02
8.087530517578125000e+01,1.186132812500000000e+02
1.122405166625976562e+02,1.300912780761718750e+02
1.131435928344726562e+02,1.293193054199218750e+02
9.612332916259765625e+01,1.248391952514648438e+02
1.034868850708007812e+02,1.301298980712890625e+02
9.794367218017578125e+01,1.253981781005859375e+02
8.303874206542968750e+01,1.232823791503906250e+02
1.115755538940429688e+02,1.294216461181640625e+02
1.237620315551757812e+02,1.351936645507812500e+02
1.138996353149414062e+02,1.341671447753906250e+02
1.187488327026367188e+02,1.342344970703125000e+02
1.176387710571289062e+02,1.327454071044921875e+02
1.041838684082031250e+02,1.281861572265625000e+02
1.550685501098632812e+01,3.915134811401367188e+01
1.483420658111572266e+01,3.915777206420898438e+01
1.474719524383544922e+01,4.068489074707031250e+01
1.453250598907470703e+01,4.211780166625976562e+01
1.323411941528320312e+01,3.778817749023437500e+01
1.429809856414794922e+01,4.115489959716796875e+01
1.377931499481201172e+01,4.123327636718750000e+01
7.853103637695312500e+01,1.166125183105468750e+02
5.725224685668945312e+01,1.031978454589843750e+02
8.226357269287109375e+01,1.153203887939453125e+02
7.862789916992187500e+01,1.134072265625000000e+02
8.181855010986328125e+01,1.134916534423828125e+02
5.831869125366210938e+01,9.345312500000000000e+01
1.021723403930664062e+02,1.287936096191406250e+02
9.919489288330078125e+01,1.286681518554687500e+02
1.212885360717773438e+02,1.353381805419921875e+02
1.087323684692382812e+02,1.296364288330078125e+02
1.251210556030273438e+02,1.319618377685546875e+02
1.050324630737304688e+02,1.291442565917968750e+02
1.140869216918945312e+02,1.279115371704101562e+02
1.108242797851562500e+02,1.220014953613281250e+02
1.131230239868164062e+02,1.245100860595703125e+02
1.198272399902343750e+02,1.264131240844726562e+02
1.257991561889648438e+02,1.323075561523437500e+02
1.100368652343750000e+02,1.257522811889648438e+02
1.112348556518554688e+02,1.245254669189453125e+02
1.083020324707031250e+02,1.216460876464843750e+02
1.201189193725585938e+02,1.300473327636718750e+02
1.203598632812500000e+02,1.302323150634765625e+02
1.168651504516601562e+02,1.267717742919921875e+02
9.936876678466796875e+01,1.191036453247070312e+02
1.076870193481445312e+02,1.254753952026367188e+02
1.085262527465820312e+02,1.256049194335937500e+02
1.260540161132812500e+02,1.335452575683593750e+02
1.030164413452148438e+02,1.187281951904296875e+02
1.122464218139648438e+02,1.254982452392578125e+02
1.301803741455078125e+02,1.353926849365234375e+02
1.089914932250976562e+02,1.244736175537109375e+02
1.637831878662109375e+01,5.734669494628906250e+01
1.234248275756835938e+02,1.418939819335937500e+02
1.038595275878906250e+02,1.032605361938476562e+02
1.117622451782226562e+02,1.139236755371093750e+02
9.446417999267578125e+01,1.005037231445312500e+02
1.145503158569335938e+02,1.126215667724609375e+02
6.404009246826171875e+01,7.898400878906250000e+01
8.116640472412109375e+01,8.858340454101562500e+01
7.439548492431640625e+01,8.782284545898437500e+01
1.004757919311523438e+02,1.013419189453125000e+02
6.228900146484375000e+01,7.656646728515625000e+01
9.042018890380859375e+01,9.384054565429687500e+01
1.073815917968750000e+02,1.070741729736328125e+02
9.718137359619140625e+01,9.956956481933593750e+01
9.366516876220703125e+01,9.714041137695312500e+01
1.001905899047851562e+02,1.035119476318359375e+02
7.750200653076171875e+01,8.623036193847656250e+01
9.500975799560546875e+01,9.630729675292968750e+01
1.028661804199218750e+02,1.014385910034179688e+02
1.071567459106445312e+02,1.053674697875976562e+02
9.356935882568359375e+01,9.543235015869140625e+01
5.675863647460937500e+01,6.602885437011718750e+01
7.144615173339843750e+01,7.700628662109375000e+01
8.303731536865234375e+01,8.430210113525390625e+01
7.934007263183593750e+01,8.542762756347656250e+01
9.213649749755859375e+01,9.478433227539062500e+01
6.839476776123046875e+01,8.344055175781250000e+01
8.350462341308593750e+01,9.184382629394531250e+01
9.676876068115234375e+01,1.045991821289062500e+02
1.130018920898437500e+02,1.144098663330078125e+02
1.100745849609375000e+02,1.131512908935546875e+02
1.131881942749023438e+02,1.155174102783203125e+02
1.097124023437500000e+02,1.100237426757812500e+02
1.003500137329101562e+02,9.883016204833984375e+01
5.267535400390625000e+01,1.047655334472656250e+02
1.090723266601562500e+02,1.198541259765625000e+02
5.930242538452148438e+01,8.335005950927734375e+01
8.700138092041015625e+01,1.274131317138671875e+02
2.245802307128906250e+01,6.280749511718750000e+01
2.500757026672363281e+01,6.686777496337890625e+01
2.086826896667480469e+01,6.174425888061523438e+01
1.395711803436279297e+01,5.405828094482421875e+01
1.391946125030517578e+01,5.833831787109375000e+01
1.498615264892578125e+01,5.562758255004882812e+01
3.245742416381835938e+01,7.117697143554687500e+01
2.789830017089843750e+01,6.869348144531250000e+01
2.905774688720703125e+01,6.936274719238281250e+01
3.035026741027832031e+01,7.201963806152343750e+01
2.312471961975097656e+01,6.464998626708984375e+01
2.282782745361328125e+01,6.581465911865234375e+01
2.120753288269042969e+01,6.725221252441406250e+01
3.160815238952636719e+01,7.305953979492187500e+01
2.089398384094238281e+01,6.716717529296875000e+01
2.107181358337402344e+01,6.694029235839843750e+01
2.234211540222167969e+01,6.800281524658203125e+01
4.082575607299804688e+01,8.027069091796875000e+01
2.189163780212402344e+01,6.767893218994140625e+01
2.282774353027343750e+01,6.851392364501953125e+01
2.343911743164062500e+01,6.866580200195312500e+01
2.625095176696777344e+01,7.039759826660156250e+01
2.177481079101562500e+01,6.761961364746093750e+01
2.418945503234863281e+01,7.298612976074218750e+01
1.775443840026855469e+01,6.090608596801757812e+01
2.390898895263671875e+01,6.196603775024414062e+01
2.603467369079589844e+01,6.611317443847656250e+01
2.734107780456542969e+01,6.867531585693359375e+01
2.132977867126464844e+01,6.358088684082031250e+01
2.301498222351074219e+01,6.490293884277343750e+01
1.978283500671386719e+01,6.469381713867187500e+01
1.978746986389160156e+01,6.459426879882812500e+01
2.105968284606933594e+01,6.558084869384765625e+01
2.040142631530761719e+01,6.518524932861328125e+01
2.191514778137207031e+01,6.607038879394531250e+01
2.440862464904785156e+01,6.719296264648437500e+01
2.342794036865234375e+01,6.461769866943359375e+01
3.110819816589355469e+01,7.220304870605468750e+01
2.812828636169433594e+01,7.118372344970703125e+01
3.473846054077148438e+01,7.355729675292968750e+01
2.020427703857421875e+01,6.434541320800781250e+01
2.125164604187011719e+01,6.473872375488281250e+01
1.982044982910156250e+01,6.057598114013671875e+01
6.210423660278320312e+01,8.689543914794921875e+01
5.304673767089843750e+01,8.562760925292968750e+01
8.300077056884765625e+01,1.025715484619140625e+02
9.176236724853515625e+01,1.085587005615234375e+02
9.647489166259765625e+01,1.124645843505859375e+02
5.720541381835937500e+01,8.714392089843750000e+01
1.029557495117187500e+02,1.132422103881835938e+02
2.725609397888183594e+01,6.577529144287109375e+01
9.583036041259765625e+01,1.390861663818359375e+02
1.704812812805175781e+01,5.295849609375000000e+01
6.697962188720703125e+01,9.168827819824218750e+01
5.782531356811523438e+01,8.666729736328125000e+01
4.250930404663085938e+01,5.094024276733398438e+01
7.370261383056640625e+01,9.615056610107421875e+01
7.348370361328125000e+01,9.853080749511718750e+01
6.867473602294921875e+01,9.690895080566406250e+01
7.640146636962890625e+01,1.024051055908203125e+02
6.481644439697265625e+01,9.582418823242187500e+01
7.569303131103515625e+01,1.006200561523437500e+02
6.860398864746093750e+01,9.272430419921875000e+01
7.362427520751953125e+01,9.643066406250000000e+01
7.126084899902343750e+01,9.440029907226562500e+01
6.277063369750976562e+01,9.251607513427734375e+01
7.362223052978515625e+01,9.762078857421875000e+01
6.640625762939453125e+01,8.947055816650390625e+01
7.265927886962890625e+01,9.689770507812500000e+01
5.597607040405273438e+01,7.949897766113281250e+01
4.293627929687500000e+01,6.925347900390625000e+01
3.657488632202148438e+01,6.789912414550781250e+01
7.521253204345703125e+01,1.053404235839843750e+02
7.721372222900390625e+01,1.046647644042968750e+02
7.311318206787109375e+01,1.011860504150390625e+02
6.661013793945312500e+01,9.707284545898437500e+01
7.063310241699218750e+01,1.001258316040039062e+02
8.163899993896484375e+01,1.049393463134765625e+02
7.500182342529296875e+01,9.780769348144531250e+01
1.007994461059570312e+02,1.135348358154296875e+02
8.079019165039062500e+01,1.045618820190429688e+02
6.317294311523437500e+01,8.459916687011718750e+01
5.972047805786132812e+01,9.667448425292968750e+01
7.618506622314453125e+01,1.064004745483398438e+02
8.082707977294921875e+01,1.054647293090820312e+02
5.245973205566406250e+01,7.763375854492187500e+01
4.406329727172851562e+01,7.424126434326171875e+01
3.999283981323242188e+01,6.634722137451171875e+01
7.244434356689453125e+01,1.038279113769531250e+02
7.539694213867187500e+01,1.024814147949218750e+02
3.340380477905273438e+01,6.366226196289062500e+01
3.964827346801757812e+01,6.424786376953125000e+01
3.743783569335937500e+01,6.312701416015625000e+01
3.895436859130859375e+01,6.500083923339843750e+01
3.461988067626953125e+01,5.956399536132812500e+01
3.882699966430664062e+01,6.244877624511718750e+01
4.367898559570312500e+01,6.414068603515625000e+01
6.024902725219726562e+01,7.738835144042968750e+01
4.102125167846679688e+01,6.320816040039062500e+01
4.572784042358398438e+01,4.976350402832031250e+01
4.330589294433593750e+01,5.119654083251953125e+01
8.355953216552734375e+01,9.474615478515625000e+01
5.373302078247070312e+01,6.996820831298828125e+01
4.276270675659179688e+01,6.406782531738281250e+01
7.040099334716796875e+01,8.763453674316406250e+01
5.827565383911132812e+01,7.860210418701171875e+01
7.789221191406250000e+01,8.636714172363281250e+01
7.521856689453125000e+01,8.968492126464843750e+01
5.741697311401367188e+01,7.442465209960937500e+01
4.532376098632812500e+01,6.675343322753906250e+01
6.313720703125000000e+01,7.764199829101562500e+01
5.761305618286132812e+01,7.212384796142578125e+01
1.204618835449218750e+01,5.226729583740234375e+01
1.322514057159423828e+01,4.504553222656250000e+01
1.089741210937500000e+02,1.212908325195312500e+02
1.329637908935546875e+02,1.345360107421875000e+02
1.325809326171875000e+02,1.351840667724609375e+02
1.342330780029296875e+02,1.364354095458984375e+02
1.328792877197265625e+02,1.343271789550781250e+02
1.345808258056640625e+02,1.365353698730468750e+02
1.228236312866210938e+02,1.282507324218750000e+02
1.341837310791015625e+02,1.365142669677734375e+02
1.327066345214843750e+02,1.343270568847656250e+02
1.388722076416015625e+02,1.388381652832031250e+02
1.330532989501953125e+02,1.357643890380859375e+02
1.141261367797851562e+02,1.256248245239257812e+02
1.342576904296875000e+02,1.365941009521484375e+02
1.347841949462890625e+02,1.370953979492187500e+02
1.333682098388671875e+02,1.352278747558593750e+02
1.349257659912109375e+02,1.383081970214843750e+02
1.331526031494140625e+02,1.361015930175781250e+02
8.733856201171875000e+01,8.850344085693359375e+01
8.505207061767578125e+01,8.830146789550781250e+01
1.110460586547851562e+02,1.317146911621093750e+02
2.003364181518554688e+01,1.669650650024414062e+01
5.042079162597656250e+01,5.183292388916015625e+01
8.167148590087890625e+01,1.187219543457031250e+02
